 20240928-011037,[command] python run_expid.py --config ./config/ViTDCNv3HeavyDim_tuner_config_ML_1M --expid ViTDCNv3Heavy_ML_1M_002_37e28b4d --gpu 1,[exp_id] ViTDCNv3Heavy_ML_1M_002_37e28b4d,[dataset_id] ML_1M_7_x1,[train] N.A.,[val] logloss: 0.321654 - AUC: 0.852229,[test] logloss: 0.320057 - AUC: 0.852439
 20240928-011038,[command] python run_expid.py --config ./config/ViTDCNv3HeavyDim_tuner_config_ML_1M --expid ViTDCNv3Heavy_ML_1M_003_7ee69cfc --gpu 2,[exp_id] ViTDCNv3Heavy_ML_1M_003_7ee69cfc,[dataset_id] ML_1M_7_x1,[train] N.A.,[val] logloss: 0.321485 - AUC: 0.852103,[test] logloss: 0.320297 - AUC: 0.851963
 20240928-011212,[command] python run_expid.py --config ./config/ViTDCNv3HeavyDim_tuner_config_ML_1M --expid ViTDCNv3Heavy_ML_1M_007_ed03fa37 --gpu 0,[exp_id] ViTDCNv3Heavy_ML_1M_007_ed03fa37,[dataset_id] ML_1M_7_x1,[train] N.A.,[val] logloss: 0.322007 - AUC: 0.852488,[test] logloss: 0.320675 - AUC: 0.852399
 20240928-012102,[command] python run_expid.py --config ./config/ViTDCNv3HeavyDim_tuner_config_ML_1M --expid ViTDCNv3Heavy_ML_1M_001_4f1c4882 --gpu 0,[exp_id] ViTDCNv3Heavy_ML_1M_001_4f1c4882,[dataset_id] ML_1M_7_x1,[train] N.A.,[val] logloss: 0.320304 - AUC: 0.854397,[test] logloss: 0.319214 - AUC: 0.854046
 20240928-012752,[command] python run_expid.py --config ./config/ViTDCNv3HeavyDim_tuner_config_ML_1M --expid ViTDCNv3Heavy_ML_1M_004_11c4dad7 --gpu 3,[exp_id] ViTDCNv3Heavy_ML_1M_004_11c4dad7,[dataset_id] ML_1M_7_x1,[train] N.A.,[val] logloss: 0.321388 - AUC: 0.853995,[test] logloss: 0.319734 - AUC: 0.854113
 20240928-014415,[command] python run_expid.py --config ./config/ViTDCNv3HeavyDim_tuner_config_ML_1M --expid ViTDCNv3Heavy_ML_1M_006_05438924 --gpu 1,[exp_id] ViTDCNv3Heavy_ML_1M_006_05438924,[dataset_id] ML_1M_7_x1,[train] N.A.,[val] logloss: 0.321477 - AUC: 0.853427,[test] logloss: 0.320245 - AUC: 0.853220
 20240928-014959,[command] python run_expid.py --config ./config/ViTDCNv3HeavyDim_tuner_config_ML_1M --expid ViTDCNv3Heavy_ML_1M_005_988c2e67 --gpu 2,[exp_id] ViTDCNv3Heavy_ML_1M_005_988c2e67,[dataset_id] ML_1M_7_x1,[train] N.A.,[val] logloss: 0.320324 - AUC: 0.854629,[test] logloss: 0.319092 - AUC: 0.854279
 20240928-020121,[command] python run_expid.py --config ./config/ViTDCNv3HeavyDim_tuner_config_ML_1M --expid ViTDCNv3Heavy_ML_1M_009_27486189 --gpu 2,[exp_id] ViTDCNv3Heavy_ML_1M_009_27486189,[dataset_id] ML_1M_7_x1,[train] N.A.,[val] logloss: 0.322261 - AUC: 0.852851,[test] logloss: 0.320773 - AUC: 0.853093
 20240928-021100,[command] python run_expid.py --config ./config/ViTDCNv3HeavyDim_tuner_config_ML_1M --expid ViTDCNv3Heavy_ML_1M_008_b1ca92a2 --gpu 1,[exp_id] ViTDCNv3Heavy_ML_1M_008_b1ca92a2,[dataset_id] ML_1M_7_x1,[train] N.A.,[val] logloss: 0.320382 - AUC: 0.854343,[test] logloss: 0.319707 - AUC: 0.853680
 20240928-021251,[command] python run_expid.py --config ./config/ViTDCNv3HeavyDim_tuner_config_ML_1M --expid ViTDCNv3Heavy_ML_1M_010_c9cdc4a4 --gpu 0,[exp_id] ViTDCNv3Heavy_ML_1M_010_c9cdc4a4,[dataset_id] ML_1M_7_x1,[train] N.A.,[val] logloss: 0.321408 - AUC: 0.852296,[test] logloss: 0.320348 - AUC: 0.852188
 20240928-021340,[command] python run_expid.py --config ./config/ViTDCNv3HeavyDim_tuner_config_ML_1M --expid ViTDCNv3Heavy_ML_1M_012_f3cf12cd --gpu 3,[exp_id] ViTDCNv3Heavy_ML_1M_012_f3cf12cd,[dataset_id] ML_1M_7_x1,[train] N.A.,[val] logloss: 0.321513 - AUC: 0.852377,[test] logloss: 0.320324 - AUC: 0.852239
 20240928-023639,[command] python run_expid.py --config ./config/ViTDCNv3HeavyDim_tuner_config_ML_1M --expid ViTDCNv3Heavy_ML_1M_011_0c73be1d --gpu 0,[exp_id] ViTDCNv3Heavy_ML_1M_011_0c73be1d,[dataset_id] ML_1M_7_x1,[train] N.A.,[val] logloss: 0.321242 - AUC: 0.853640,[test] logloss: 0.319984 - AUC: 0.853508
 20240928-024057,[command] python run_expid.py --config ./config/ViTDCNv3HeavyDim_tuner_config_ML_1M --expid ViTDCNv3Heavy_ML_1M_013_f9cc4115 --gpu 1,[exp_id] ViTDCNv3Heavy_ML_1M_013_f9cc4115,[dataset_id] ML_1M_7_x1,[train] N.A.,[val] logloss: 0.319917 - AUC: 0.854326,[test] logloss: 0.318653 - AUC: 0.854205
 20240928-024304,[command] python run_expid.py --config ./config/ViTDCNv3HeavyDim_tuner_config_ML_1M --expid ViTDCNv3Heavy_ML_1M_014_83228d5f --gpu 2,[exp_id] ViTDCNv3Heavy_ML_1M_014_83228d5f,[dataset_id] ML_1M_7_x1,[train] N.A.,[val] logloss: 0.320370 - AUC: 0.853835,[test] logloss: 0.319210 - AUC: 0.853964
 20240928-030614,[command] python run_expid.py --config ./config/ViTDCNv3HeavyDim_tuner_config_ML_1M --expid ViTDCNv3Heavy_ML_1M_015_be5076b0 --gpu 2,[exp_id] ViTDCNv3Heavy_ML_1M_015_be5076b0,[dataset_id] ML_1M_7_x1,[train] N.A.,[val] logloss: 0.321781 - AUC: 0.854354,[test] logloss: 0.320744 - AUC: 0.853442
 20240928-031950,[command] python run_expid.py --config ./config/ViTDCNv3HeavyDim_tuner_config_ML_1M --expid ViTDCNv3Heavy_ML_1M_019_e16422dc --gpu 0,[exp_id] ViTDCNv3Heavy_ML_1M_019_e16422dc,[dataset_id] ML_1M_7_x1,[train] N.A.,[val] logloss: 0.320297 - AUC: 0.854195,[test] logloss: 0.318790 - AUC: 0.854240
 20240928-032255,[command] python run_expid.py --config ./config/ViTDCNv3HeavyDim_tuner_config_ML_1M --expid ViTDCNv3Heavy_ML_1M_018_48d12789 --gpu 3,[exp_id] ViTDCNv3Heavy_ML_1M_018_48d12789,[dataset_id] ML_1M_7_x1,[train] N.A.,[val] logloss: 0.320917 - AUC: 0.853841,[test] logloss: 0.319183 - AUC: 0.853991
 20240928-032314,[command] python run_expid.py --config ./config/ViTDCNv3HeavyDim_tuner_config_ML_1M --expid ViTDCNv3Heavy_ML_1M_016_cb817281 --gpu 1,[exp_id] ViTDCNv3Heavy_ML_1M_016_cb817281,[dataset_id] ML_1M_7_x1,[train] N.A.,[val] logloss: 0.321489 - AUC: 0.852942,[test] logloss: 0.319884 - AUC: 0.853028
 20240928-032627,[command] python run_expid.py --config ./config/ViTDCNv3HeavyDim_tuner_config_ML_1M --expid ViTDCNv3Heavy_ML_1M_020_7ee69cfc --gpu 1,[exp_id] ViTDCNv3Heavy_ML_1M_020_7ee69cfc,[dataset_id] ML_1M_7_x1,[train] N.A.,[val] logloss: 0.321458 - AUC: 0.854551,[test] logloss: 0.320468 - AUC: 0.854114
 20240928-032719,[command] python run_expid.py --config ./config/ViTDCNv3HeavyDim_tuner_config_ML_1M --expid ViTDCNv3Heavy_ML_1M_021_c1398bb5 --gpu 2,[exp_id] ViTDCNv3Heavy_ML_1M_021_c1398bb5,[dataset_id] ML_1M_7_x1,[train] N.A.,[val] logloss: 0.322026 - AUC: 0.853807,[test] logloss: 0.320682 - AUC: 0.853528
 20240928-040524,[command] python run_expid.py --config ./config/ViTDCNv3HeavyDim_tuner_config_ML_1M --expid ViTDCNv3Heavy_ML_1M_025_126e80a0 --gpu 1,[exp_id] ViTDCNv3Heavy_ML_1M_025_126e80a0,[dataset_id] ML_1M_7_x1,[train] N.A.,[val] logloss: 0.320767 - AUC: 0.854649,[test] logloss: 0.319877 - AUC: 0.854010
 20240928-040622,[command] python run_expid.py --config ./config/ViTDCNv3HeavyDim_tuner_config_ML_1M --expid ViTDCNv3Heavy_ML_1M_017_93048e56 --gpu 0,[exp_id] ViTDCNv3Heavy_ML_1M_017_93048e56,[dataset_id] ML_1M_7_x1,[train] N.A.,[val] logloss: 0.320126 - AUC: 0.855109,[test] logloss: 0.318600 - AUC: 0.854895
 20240928-041437,[command] python run_expid.py --config ./config/ViTDCNv3HeavyDim_tuner_config_ML_1M --expid ViTDCNv3Heavy_ML_1M_024_462711f8 --gpu 3,[exp_id] ViTDCNv3Heavy_ML_1M_024_462711f8,[dataset_id] ML_1M_7_x1,[train] N.A.,[val] logloss: 0.322978 - AUC: 0.853946,[test] logloss: 0.321098 - AUC: 0.854342
 20240928-041444,[command] python run_expid.py --config ./config/ViTDCNv3HeavyDim_tuner_config_ML_1M --expid ViTDCNv3Heavy_ML_1M_026_27486189 --gpu 1,[exp_id] ViTDCNv3Heavy_ML_1M_026_27486189,[dataset_id] ML_1M_7_x1,[train] N.A.,[val] logloss: 0.321360 - AUC: 0.854091,[test] logloss: 0.319928 - AUC: 0.853800
 20240928-041450,[command] python run_expid.py --config ./config/ViTDCNv3HeavyDim_tuner_config_ML_1M --expid ViTDCNv3Heavy_ML_1M_023_05438924 --gpu 0,[exp_id] ViTDCNv3Heavy_ML_1M_023_05438924,[dataset_id] ML_1M_7_x1,[train] N.A.,[val] logloss: 0.321548 - AUC: 0.853478,[test] logloss: 0.319642 - AUC: 0.853680
 20240928-041453,[command] python run_expid.py --config ./config/ViTDCNv3HeavyDim_tuner_config_ML_1M --expid ViTDCNv3Heavy_ML_1M_027_0ec41790 --gpu 2,[exp_id] ViTDCNv3Heavy_ML_1M_027_0ec41790,[dataset_id] ML_1M_7_x1,[train] N.A.,[val] logloss: 0.320626 - AUC: 0.854269,[test] logloss: 0.319583 - AUC: 0.853799
 20240928-042054,[command] python run_expid.py --config ./config/ViTDCNv3HeavyDim_tuner_config_ML_1M --expid ViTDCNv3Heavy_ML_1M_022_9862160b --gpu 2,[exp_id] ViTDCNv3Heavy_ML_1M_022_9862160b,[dataset_id] ML_1M_7_x1,[train] N.A.,[val] logloss: 0.321209 - AUC: 0.855191,[test] logloss: 0.319811 - AUC: 0.855192
 20240928-044921,[command] python run_expid.py --config ./config/ViTDCNv3HeavyDim_tuner_config_ML_1M --expid ViTDCNv3Heavy_ML_1M_033_c76eb83b --gpu 2,[exp_id] ViTDCNv3Heavy_ML_1M_033_c76eb83b,[dataset_id] ML_1M_7_x1,[train] N.A.,[val] logloss: 0.319734 - AUC: 0.853277,[test] logloss: 0.318070 - AUC: 0.853988
 20240928-045830,[command] python run_expid.py --config ./config/ViTDCNv3HeavyDim_tuner_config_ML_1M --expid ViTDCNv3Heavy_ML_1M_029_f3cf12cd --gpu 0,[exp_id] ViTDCNv3Heavy_ML_1M_029_f3cf12cd,[dataset_id] ML_1M_7_x1,[train] N.A.,[val] logloss: 0.321210 - AUC: 0.853996,[test] logloss: 0.318781 - AUC: 0.854716
 20240928-050356,[command] python run_expid.py --config ./config/ViTDCNv3HeavyDim_tuner_config_ML_1M --expid ViTDCNv3Heavy_ML_1M_032_be5076b0 --gpu 0,[exp_id] ViTDCNv3Heavy_ML_1M_032_be5076b0,[dataset_id] ML_1M_7_x1,[train] N.A.,[val] logloss: 0.318612 - AUC: 0.855201,[test] logloss: 0.317217 - AUC: 0.854959
 20240928-050508,[command] python run_expid.py --config ./config/ViTDCNv3HeavyDim_tuner_config_ML_1M --expid ViTDCNv3Heavy_ML_1M_031_7aca04c5 --gpu 1,[exp_id] ViTDCNv3Heavy_ML_1M_031_7aca04c5,[dataset_id] ML_1M_7_x1,[train] N.A.,[val] logloss: 0.320676 - AUC: 0.854633,[test] logloss: 0.319413 - AUC: 0.854294
 20240928-050644,[command] python run_expid.py --config ./config/ViTDCNv3HeavyDim_tuner_config_ML_1M --expid ViTDCNv3Heavy_ML_1M_030_b1d4622d --gpu 3,[exp_id] ViTDCNv3Heavy_ML_1M_030_b1d4622d,[dataset_id] ML_1M_7_x1,[train] N.A.,[val] logloss: 0.320970 - AUC: 0.854753,[test] logloss: 0.319334 - AUC: 0.854753
 20240928-051330,[command] python run_expid.py --config ./config/ViTDCNv3HeavyDim_tuner_config_ML_1M --expid ViTDCNv3Heavy_ML_1M_028_6b6d08a1 --gpu 1,[exp_id] ViTDCNv3Heavy_ML_1M_028_6b6d08a1,[dataset_id] ML_1M_7_x1,[train] N.A.,[val] logloss: 0.321227 - AUC: 0.854848,[test] logloss: 0.319454 - AUC: 0.855063
 20240928-051443,[command] python run_expid.py --config ./config/ViTDCNv3HeavyDim_tuner_config_ML_1M --expid ViTDCNv3Heavy_ML_1M_034_cc959d68 --gpu 2,[exp_id] ViTDCNv3Heavy_ML_1M_034_cc959d68,[dataset_id] ML_1M_7_x1,[train] N.A.,[val] logloss: 0.319298 - AUC: 0.854334,[test] logloss: 0.317922 - AUC: 0.854038
 20240928-054122,[command] python run_expid.py --config ./config/ViTDCNv3HeavyDim_tuner_config_ML_1M --expid ViTDCNv3Heavy_ML_1M_039_72567dd3 --gpu 3,[exp_id] ViTDCNv3Heavy_ML_1M_039_72567dd3,[dataset_id] ML_1M_7_x1,[train] N.A.,[val] logloss: 0.320745 - AUC: 0.854322,[test] logloss: 0.319996 - AUC: 0.853437
 20240928-054949,[command] python run_expid.py --config ./config/ViTDCNv3HeavyDim_tuner_config_ML_1M --expid ViTDCNv3Heavy_ML_1M_035_48d12789 --gpu 2,[exp_id] ViTDCNv3Heavy_ML_1M_035_48d12789,[dataset_id] ML_1M_7_x1,[train] N.A.,[val] logloss: 0.319386 - AUC: 0.855230,[test] logloss: 0.318683 - AUC: 0.854378
 20240928-055008,[command] python run_expid.py --config ./config/ViTDCNv3HeavyDim_tuner_config_ML_1M --expid ViTDCNv3Heavy_ML_1M_037_fe275fba --gpu 0,[exp_id] ViTDCNv3Heavy_ML_1M_037_fe275fba,[dataset_id] ML_1M_7_x1,[train] N.A.,[val] logloss: 0.321545 - AUC: 0.854316,[test] logloss: 0.319885 - AUC: 0.854244
 20240928-055128,[command] python run_expid.py --config ./config/ViTDCNv3HeavyDim_tuner_config_ML_1M --expid ViTDCNv3Heavy_ML_1M_038_4fb7cc7c --gpu 1,[exp_id] ViTDCNv3Heavy_ML_1M_038_4fb7cc7c,[dataset_id] ML_1M_7_x1,[train] N.A.,[val] logloss: 0.320792 - AUC: 0.854631,[test] logloss: 0.319305 - AUC: 0.854451
 20240928-055142,[command] python run_expid.py --config ./config/ViTDCNv3HeavyDim_tuner_config_ML_1M --expid ViTDCNv3Heavy_ML_1M_036_e44cab41 --gpu 0,[exp_id] ViTDCNv3Heavy_ML_1M_036_e44cab41,[dataset_id] ML_1M_7_x1,[train] N.A.,[val] logloss: 0.319329 - AUC: 0.854499,[test] logloss: 0.318204 - AUC: 0.853955
 20240928-055507,[command] python run_expid.py --config ./config/ViTDCNv3HeavyDim_tuner_config_ML_1M --expid ViTDCNv3Heavy_ML_1M_045_deb746e4 --gpu 1,[exp_id] ViTDCNv3Heavy_ML_1M_045_deb746e4,[dataset_id] ML_1M_7_x1,[train] N.A.,[val] logloss: 0.348270 - AUC: 0.814051,[test] logloss: 0.346703 - AUC: 0.813802
 20240928-055916,[command] python run_expid.py --config ./config/ViTDCNv3HeavyDim_tuner_config_ML_1M --expid ViTDCNv3Heavy_ML_1M_040_c59eb0cb --gpu 1,[exp_id] ViTDCNv3Heavy_ML_1M_040_c59eb0cb,[dataset_id] ML_1M_7_x1,[train] N.A.,[val] logloss: 0.320563 - AUC: 0.853513,[test] logloss: 0.318675 - AUC: 0.854120
 20240928-055950,[command] python run_expid.py --config ./config/ViTDCNv3HeavyDim_tuner_config_ML_1M --expid ViTDCNv3Heavy_ML_1M_041_efc6133a --gpu 2,[exp_id] ViTDCNv3Heavy_ML_1M_041_efc6133a,[dataset_id] ML_1M_7_x1,[train] N.A.,[val] logloss: 0.321041 - AUC: 0.854083,[test] logloss: 0.319943 - AUC: 0.853631
 20240928-061006,[command] python run_expid.py --config ./config/ViTDCNv3HeavyDim_tuner_config_ML_1M --expid ViTDCNv3Heavy_ML_1M_043_d6fbeb95 --gpu 2,[exp_id] ViTDCNv3Heavy_ML_1M_043_d6fbeb95,[dataset_id] ML_1M_7_x1,[train] N.A.,[val] logloss: 0.323331 - AUC: 0.853932,[test] logloss: 0.321880 - AUC: 0.853609
 20240928-061046,[command] python run_expid.py --config ./config/ViTDCNv3HeavyDim_tuner_config_ML_1M --expid ViTDCNv3Heavy_ML_1M_044_7f6c5d2a --gpu 0,[exp_id] ViTDCNv3Heavy_ML_1M_044_7f6c5d2a,[dataset_id] ML_1M_7_x1,[train] N.A.,[val] logloss: 0.320287 - AUC: 0.854958,[test] logloss: 0.319112 - AUC: 0.854527
 20240928-061123,[command] python run_expid.py --config ./config/ViTDCNv3HeavyDim_tuner_config_ML_1M --expid ViTDCNv3Heavy_ML_1M_046_f1c480fa --gpu 0,[exp_id] ViTDCNv3Heavy_ML_1M_046_f1c480fa,[dataset_id] ML_1M_7_x1,[train] N.A.,[val] logloss: 0.321140 - AUC: 0.853026,[test] logloss: 0.319877 - AUC: 0.852646
 20240928-061355,[command] python run_expid.py --config ./config/ViTDCNv3HeavyDim_tuner_config_ML_1M --expid ViTDCNv3Heavy_ML_1M_042_e46c71c4 --gpu 3,[exp_id] ViTDCNv3Heavy_ML_1M_042_e46c71c4,[dataset_id] ML_1M_7_x1,[train] N.A.,[val] logloss: 0.321457 - AUC: 0.853912,[test] logloss: 0.319337 - AUC: 0.854429
 20240928-061716,[command] python run_expid.py --config ./config/ViTDCNv3HeavyDim_tuner_config_ML_1M --expid ViTDCNv3Heavy_ML_1M_047_c4655aab --gpu 1,[exp_id] ViTDCNv3Heavy_ML_1M_047_c4655aab,[dataset_id] ML_1M_7_x1,[train] N.A.,[val] logloss: 0.320617 - AUC: 0.853020,[test] logloss: 0.318919 - AUC: 0.853495
 20240928-062253,[command] python run_expid.py --config ./config/ViTDCNv3HeavyDim_tuner_config_ML_1M --expid ViTDCNv3Heavy_ML_1M_049_69ecbc79 --gpu 2,[exp_id] ViTDCNv3Heavy_ML_1M_049_69ecbc79,[dataset_id] ML_1M_7_x1,[train] N.A.,[val] logloss: 0.321354 - AUC: 0.854556,[test] logloss: 0.319835 - AUC: 0.854582
 20240928-062350,[command] python run_expid.py --config ./config/ViTDCNv3HeavyDim_tuner_config_ML_1M --expid ViTDCNv3Heavy_ML_1M_050_0c47200f --gpu 2,[exp_id] ViTDCNv3Heavy_ML_1M_050_0c47200f,[dataset_id] ML_1M_7_x1,[train] N.A.,[val] logloss: 0.320966 - AUC: 0.852504,[test] logloss: 0.319530 - AUC: 0.852799
 20240928-062803,[command] python run_expid.py --config ./config/ViTDCNv3HeavyDim_tuner_config_ML_1M --expid ViTDCNv3Heavy_ML_1M_053_b70ec255 --gpu 3,[exp_id] ViTDCNv3Heavy_ML_1M_053_b70ec255,[dataset_id] ML_1M_7_x1,[train] N.A.,[val] logloss: 0.320463 - AUC: 0.854411,[test] logloss: 0.318994 - AUC: 0.854390
 20240928-063020,[command] python run_expid.py --config ./config/ViTDCNv3HeavyDim_tuner_config_ML_1M --expid ViTDCNv3Heavy_ML_1M_048_3b3483fb --gpu 1,[exp_id] ViTDCNv3Heavy_ML_1M_048_3b3483fb,[dataset_id] ML_1M_7_x1,[train] N.A.,[val] logloss: 0.321864 - AUC: 0.854221,[test] logloss: 0.321046 - AUC: 0.853471
 20240928-063103,[command] python run_expid.py --config ./config/ViTDCNv3HeavyDim_tuner_config_ML_1M --expid ViTDCNv3Heavy_ML_1M_051_f00efe5b --gpu 0,[exp_id] ViTDCNv3Heavy_ML_1M_051_f00efe5b,[dataset_id] ML_1M_7_x1,[train] N.A.,[val] logloss: 0.320041 - AUC: 0.854459,[test] logloss: 0.318851 - AUC: 0.854057
 20240928-064032,[command] python run_expid.py --config ./config/ViTDCNv3HeavyDim_tuner_config_ML_1M --expid ViTDCNv3Heavy_ML_1M_052_ef5feddc --gpu 0,[exp_id] ViTDCNv3Heavy_ML_1M_052_ef5feddc,[dataset_id] ML_1M_7_x1,[train] N.A.,[val] logloss: 0.321640 - AUC: 0.853997,[test] logloss: 0.320329 - AUC: 0.853531
 20240928-064603,[command] python run_expid.py --config ./config/ViTDCNv3HeavyDim_tuner_config_ML_1M --expid ViTDCNv3Heavy_ML_1M_054_5ee99b70 --gpu 1,[exp_id] ViTDCNv3Heavy_ML_1M_054_5ee99b70,[dataset_id] ML_1M_7_x1,[train] N.A.,[val] logloss: 0.319588 - AUC: 0.854618,[test] logloss: 0.318994 - AUC: 0.853841
 20240928-070556,[command] python run_expid.py --config ./config/ViTDCNv3HeavyDim_tuner_config_ML_1M --expid ViTDCNv3Heavy_ML_1M_057_5d333e0f --gpu 3,[exp_id] ViTDCNv3Heavy_ML_1M_057_5d333e0f,[dataset_id] ML_1M_7_x1,[train] N.A.,[val] logloss: 0.319975 - AUC: 0.853746,[test] logloss: 0.318722 - AUC: 0.853526
 20240928-071209,[command] python run_expid.py --config ./config/ViTDCNv3HeavyDim_tuner_config_ML_1M --expid ViTDCNv3Heavy_ML_1M_055_f67c6dca --gpu 2,[exp_id] ViTDCNv3Heavy_ML_1M_055_f67c6dca,[dataset_id] ML_1M_7_x1,[train] N.A.,[val] logloss: 0.320771 - AUC: 0.853573,[test] logloss: 0.318887 - AUC: 0.853993
 20240928-071632,[command] python run_expid.py --config ./config/ViTDCNv3HeavyDim_tuner_config_ML_1M --expid ViTDCNv3Heavy_ML_1M_056_81661295 --gpu 2,[exp_id] ViTDCNv3Heavy_ML_1M_056_81661295,[dataset_id] ML_1M_7_x1,[train] N.A.,[val] logloss: 0.321209 - AUC: 0.853425,[test] logloss: 0.320267 - AUC: 0.852568
 20240928-074151,[command] python run_expid.py --config ./config/ViTDCNv3HeavyDim_tuner_config_ML_1M --expid ViTDCNv3Heavy_ML_1M_061_ed0fb970 --gpu 1,[exp_id] ViTDCNv3Heavy_ML_1M_061_ed0fb970,[dataset_id] ML_1M_7_x1,[train] N.A.,[val] logloss: 0.319515 - AUC: 0.854489,[test] logloss: 0.317671 - AUC: 0.854524
 20240928-074308,[command] python run_expid.py --config ./config/ViTDCNv3HeavyDim_tuner_config_ML_1M --expid ViTDCNv3Heavy_ML_1M_062_47486948 --gpu 3,[exp_id] ViTDCNv3Heavy_ML_1M_062_47486948,[dataset_id] ML_1M_7_x1,[train] N.A.,[val] logloss: 0.320859 - AUC: 0.853383,[test] logloss: 0.319042 - AUC: 0.853733
 20240928-075027,[command] python run_expid.py --config ./config/ViTDCNv3HeavyDim_tuner_config_ML_1M --expid ViTDCNv3Heavy_ML_1M_058_6c549f69 --gpu 1,[exp_id] ViTDCNv3Heavy_ML_1M_058_6c549f69,[dataset_id] ML_1M_7_x1,[train] N.A.,[val] logloss: 0.321708 - AUC: 0.854361,[test] logloss: 0.320308 - AUC: 0.854121
 20240928-080031,[command] python run_expid.py --config ./config/ViTDCNv3HeavyDim_tuner_config_ML_1M --expid ViTDCNv3Heavy_ML_1M_063_3fe66fa2 --gpu 2,[exp_id] ViTDCNv3Heavy_ML_1M_063_3fe66fa2,[dataset_id] ML_1M_7_x1,[train] N.A.,[val] logloss: 0.320530 - AUC: 0.854051,[test] logloss: 0.319087 - AUC: 0.854242
 20240928-081043,[command] python run_expid.py --config ./config/ViTDCNv3HeavyDim_tuner_config_ML_1M --expid ViTDCNv3Heavy_ML_1M_059_5b5ad556 --gpu 0,[exp_id] ViTDCNv3Heavy_ML_1M_059_5b5ad556,[dataset_id] ML_1M_7_x1,[train] N.A.,[val] logloss: 0.322543 - AUC: 0.853930,[test] logloss: 0.320905 - AUC: 0.853776
 20240928-082107,[command] python run_expid.py --config ./config/ViTDCNv3HeavyDim_tuner_config_ML_1M --expid ViTDCNv3Heavy_ML_1M_060_c51a4fc8 --gpu 0,[exp_id] ViTDCNv3Heavy_ML_1M_060_c51a4fc8,[dataset_id] ML_1M_7_x1,[train] N.A.,[val] logloss: 0.320874 - AUC: 0.854867,[test] logloss: 0.319098 - AUC: 0.855122
 20240928-082609,[command] python run_expid.py --config ./config/ViTDCNv3HeavyDim_tuner_config_ML_1M --expid ViTDCNv3Heavy_ML_1M_067_56bf242a --gpu 1,[exp_id] ViTDCNv3Heavy_ML_1M_067_56bf242a,[dataset_id] ML_1M_7_x1,[train] N.A.,[val] logloss: 0.321588 - AUC: 0.852322,[test] logloss: 0.319729 - AUC: 0.852837
 20240928-082858,[command] python run_expid.py --config ./config/ViTDCNv3HeavyDim_tuner_config_ML_1M --expid ViTDCNv3Heavy_ML_1M_064_a573baf4 --gpu 2,[exp_id] ViTDCNv3Heavy_ML_1M_064_a573baf4,[dataset_id] ML_1M_7_x1,[train] N.A.,[val] logloss: 0.320252 - AUC: 0.854592,[test] logloss: 0.319417 - AUC: 0.853855
 20240928-083408,[command] python run_expid.py --config ./config/ViTDCNv3HeavyDim_tuner_config_ML_1M --expid ViTDCNv3Heavy_ML_1M_068_c4eca7d7 --gpu 2,[exp_id] ViTDCNv3Heavy_ML_1M_068_c4eca7d7,[dataset_id] ML_1M_7_x1,[train] N.A.,[val] logloss: 0.320028 - AUC: 0.853111,[test] logloss: 0.318517 - AUC: 0.852908
 20240928-084206,[command] python run_expid.py --config ./config/ViTDCNv3HeavyDim_tuner_config_ML_1M --expid ViTDCNv3Heavy_ML_1M_066_abc78ce6 --gpu 3,[exp_id] ViTDCNv3Heavy_ML_1M_066_abc78ce6,[dataset_id] ML_1M_7_x1,[train] N.A.,[val] logloss: 0.320686 - AUC: 0.854987,[test] logloss: 0.319317 - AUC: 0.854986
 20240928-084432,[command] python run_expid.py --config ./config/ViTDCNv3HeavyDim_tuner_config_ML_1M --expid ViTDCNv3Heavy_ML_1M_069_84385533 --gpu 0,[exp_id] ViTDCNv3Heavy_ML_1M_069_84385533,[dataset_id] ML_1M_7_x1,[train] N.A.,[val] logloss: 0.319721 - AUC: 0.853209,[test] logloss: 0.318149 - AUC: 0.853283
 20240928-085343,[command] python run_expid.py --config ./config/ViTDCNv3HeavyDim_tuner_config_ML_1M --expid ViTDCNv3Heavy_ML_1M_065_adef97fa --gpu 1,[exp_id] ViTDCNv3Heavy_ML_1M_065_adef97fa,[dataset_id] ML_1M_7_x1,[train] N.A.,[val] logloss: 0.320379 - AUC: 0.854814,[test] logloss: 0.319053 - AUC: 0.854616
 20240928-090507,[command] python run_expid.py --config ./config/ViTDCNv3HeavyDim_tuner_config_ML_1M --expid ViTDCNv3Heavy_ML_1M_074_5d333e0f --gpu 3,[exp_id] ViTDCNv3Heavy_ML_1M_074_5d333e0f,[dataset_id] ML_1M_7_x1,[train] N.A.,[val] logloss: 0.320574 - AUC: 0.853328,[test] logloss: 0.319134 - AUC: 0.853406
 20240928-091623,[command] python run_expid.py --config ./config/ViTDCNv3HeavyDim_tuner_config_ML_1M --expid ViTDCNv3Heavy_ML_1M_070_2c1fb9ec --gpu 0,[exp_id] ViTDCNv3Heavy_ML_1M_070_2c1fb9ec,[dataset_id] ML_1M_7_x1,[train] N.A.,[val] logloss: 0.320100 - AUC: 0.853801,[test] logloss: 0.318515 - AUC: 0.853727
 20240928-091711,[command] python run_expid.py --config ./config/ViTDCNv3HeavyDim_tuner_config_ML_1M --expid ViTDCNv3Heavy_ML_1M_073_738ebf8b --gpu 2,[exp_id] ViTDCNv3Heavy_ML_1M_073_738ebf8b,[dataset_id] ML_1M_7_x1,[train] N.A.,[val] logloss: 0.320127 - AUC: 0.854653,[test] logloss: 0.318095 - AUC: 0.855141
 20240928-091819,[command] python run_expid.py --config ./config/ViTDCNv3HeavyDim_tuner_config_ML_1M --expid ViTDCNv3Heavy_ML_1M_072_e2f0ebfe --gpu 2,[exp_id] ViTDCNv3Heavy_ML_1M_072_e2f0ebfe,[dataset_id] ML_1M_7_x1,[train] N.A.,[val] logloss: 0.319038 - AUC: 0.853374,[test] logloss: 0.317538 - AUC: 0.853741
 20240928-092008,[command] python run_expid.py --config ./config/ViTDCNv3HeavyDim_tuner_config_ML_1M --expid ViTDCNv3Heavy_ML_1M_075_6b78b48b --gpu 0,[exp_id] ViTDCNv3Heavy_ML_1M_075_6b78b48b,[dataset_id] ML_1M_7_x1,[train] N.A.,[val] logloss: 0.320668 - AUC: 0.853707,[test] logloss: 0.319627 - AUC: 0.853621
 20240928-094532,[command] python run_expid.py --config ./config/ViTDCNv3HeavyDim_tuner_config_ML_1M --expid ViTDCNv3Heavy_ML_1M_077_c51a4fc8 --gpu 3,[exp_id] ViTDCNv3Heavy_ML_1M_077_c51a4fc8,[dataset_id] ML_1M_7_x1,[train] N.A.,[val] logloss: 0.320380 - AUC: 0.854381,[test] logloss: 0.318730 - AUC: 0.854400
 20240928-094704,[command] python run_expid.py --config ./config/ViTDCNv3HeavyDim_tuner_config_ML_1M --expid ViTDCNv3Heavy_ML_1M_076_2cf593e6 --gpu 1,[exp_id] ViTDCNv3Heavy_ML_1M_076_2cf593e6,[dataset_id] ML_1M_7_x1,[train] N.A.,[val] logloss: 0.321049 - AUC: 0.854580,[test] logloss: 0.319730 - AUC: 0.854459
 20240928-094802,[command] python run_expid.py --config ./config/ViTDCNv3HeavyDim_tuner_config_ML_1M --expid ViTDCNv3Heavy_ML_1M_071_85da7259 --gpu 1,[exp_id] ViTDCNv3Heavy_ML_1M_071_85da7259,[dataset_id] ML_1M_7_x1,[train] N.A.,[val] logloss: 0.319223 - AUC: 0.855064,[test] logloss: 0.317971 - AUC: 0.854752
 20240928-095346,[command] python run_expid.py --config ./config/ViTDCNv3HeavyDim_tuner_config_ML_1M --expid ViTDCNv3Heavy_ML_1M_081_443539fd --gpu 0,[exp_id] ViTDCNv3Heavy_ML_1M_081_443539fd,[dataset_id] ML_1M_7_x1,[train] N.A.,[val] logloss: 0.320736 - AUC: 0.853586,[test] logloss: 0.319298 - AUC: 0.853591
 20240928-095650,[command] python run_expid.py --config ./config/ViTDCNv3HeavyDim_tuner_config_ML_1M --expid ViTDCNv3Heavy_ML_1M_080_3fe66fa2 --gpu 2,[exp_id] ViTDCNv3Heavy_ML_1M_080_3fe66fa2,[dataset_id] ML_1M_7_x1,[train] N.A.,[val] logloss: 0.320039 - AUC: 0.854744,[test] logloss: 0.318355 - AUC: 0.854779
 20240928-095750,[command] python run_expid.py --config ./config/ViTDCNv3HeavyDim_tuner_config_ML_1M --expid ViTDCNv3Heavy_ML_1M_079_a7a2b761 --gpu 2,[exp_id] ViTDCNv3Heavy_ML_1M_079_a7a2b761,[dataset_id] ML_1M_7_x1,[train] N.A.,[val] logloss: 0.320817 - AUC: 0.855139,[test] logloss: 0.319559 - AUC: 0.854854
 20240928-100522,[command] python run_expid.py --config ./config/ViTDCNv3HeavyDim_tuner_config_ML_1M --expid ViTDCNv3Heavy_ML_1M_078_dd655c20 --gpu 0,[exp_id] ViTDCNv3Heavy_ML_1M_078_dd655c20,[dataset_id] ML_1M_7_x1,[train] N.A.,[val] logloss: 0.320874 - AUC: 0.854025,[test] logloss: 0.319547 - AUC: 0.854034
 20240928-101822,[command] python run_expid.py --config ./config/ViTDCNv3HeavyDim_tuner_config_ML_1M --expid ViTDCNv3Heavy_ML_1M_082_8dfa49de --gpu 3,[exp_id] ViTDCNv3Heavy_ML_1M_082_8dfa49de,[dataset_id] ML_1M_7_x1,[train] N.A.,[val] logloss: 0.322270 - AUC: 0.853402,[test] logloss: 0.320759 - AUC: 0.853065
 20240928-102417,[command] python run_expid.py --config ./config/ViTDCNv3HeavyDim_tuner_config_ML_1M --expid ViTDCNv3Heavy_ML_1M_083_abc78ce6 --gpu 1,[exp_id] ViTDCNv3Heavy_ML_1M_083_abc78ce6,[dataset_id] ML_1M_7_x1,[train] N.A.,[val] logloss: 0.321227 - AUC: 0.853361,[test] logloss: 0.319786 - AUC: 0.853138
 20240928-102505,[command] python run_expid.py --config ./config/ViTDCNv3HeavyDim_tuner_config_ML_1M --expid ViTDCNv3Heavy_ML_1M_084_96cb2294 --gpu 1,[exp_id] ViTDCNv3Heavy_ML_1M_084_96cb2294,[dataset_id] ML_1M_7_x1,[train] N.A.,[val] logloss: 0.321613 - AUC: 0.853180,[test] logloss: 0.320014 - AUC: 0.853409
 20240928-103002,[command] python run_expid.py --config ./config/ViTDCNv3HeavyDim_tuner_config_ML_1M --expid ViTDCNv3Heavy_ML_1M_086_84385533 --gpu 2,[exp_id] ViTDCNv3Heavy_ML_1M_086_84385533,[dataset_id] ML_1M_7_x1,[train] N.A.,[val] logloss: 0.320041 - AUC: 0.853743,[test] logloss: 0.319097 - AUC: 0.853489
 20240928-103050,[command] python run_expid.py --config ./config/ViTDCNv3HeavyDim_tuner_config_ML_1M --expid ViTDCNv3Heavy_ML_1M_087_6dc5a537 --gpu 2,[exp_id] ViTDCNv3Heavy_ML_1M_087_6dc5a537,[dataset_id] ML_1M_7_x1,[train] N.A.,[val] logloss: 0.319984 - AUC: 0.853873,[test] logloss: 0.318628 - AUC: 0.854084
 20240928-103730,[command] python run_expid.py --config ./config/ViTDCNv3HeavyDim_tuner_config_ML_1M --expid ViTDCNv3Heavy_ML_1M_085_08fc3d0d --gpu 0,[exp_id] ViTDCNv3Heavy_ML_1M_085_08fc3d0d,[dataset_id] ML_1M_7_x1,[train] N.A.,[val] logloss: 0.318799 - AUC: 0.855385,[test] logloss: 0.318075 - AUC: 0.854747
 20240928-104654,[command] python run_expid.py --config ./config/ViTDCNv3HeavyDim_tuner_config_ML_1M --expid ViTDCNv3Heavy_ML_1M_088_eb5cfd84 --gpu 0,[exp_id] ViTDCNv3Heavy_ML_1M_088_eb5cfd84,[dataset_id] ML_1M_7_x1,[train] N.A.,[val] logloss: 0.320048 - AUC: 0.853879,[test] logloss: 0.319052 - AUC: 0.853563
 20240928-105913,[command] python run_expid.py --config ./config/ViTDCNv3HeavyDim_tuner_config_ML_1M --expid ViTDCNv3Heavy_ML_1M_093_7a08af28 --gpu 2,[exp_id] ViTDCNv3Heavy_ML_1M_093_7a08af28,[dataset_id] ML_1M_7_x1,[train] N.A.,[val] logloss: 0.320655 - AUC: 0.853771,[test] logloss: 0.319533 - AUC: 0.853321
 20240928-110315,[command] python run_expid.py --config ./config/ViTDCNv3HeavyDim_tuner_config_ML_1M --expid ViTDCNv3Heavy_ML_1M_089_e2f0ebfe --gpu 3,[exp_id] ViTDCNv3Heavy_ML_1M_089_e2f0ebfe,[dataset_id] ML_1M_7_x1,[train] N.A.,[val] logloss: 0.318557 - AUC: 0.855221,[test] logloss: 0.317045 - AUC: 0.855364
 20240928-110329,[command] python run_expid.py --config ./config/ViTDCNv3HeavyDim_tuner_config_ML_1M --expid ViTDCNv3Heavy_ML_1M_091_1c943d75 --gpu 1,[exp_id] ViTDCNv3Heavy_ML_1M_091_1c943d75,[dataset_id] ML_1M_7_x1,[train] N.A.,[val] logloss: 0.321224 - AUC: 0.854427,[test] logloss: 0.319607 - AUC: 0.854060
 20240928-110541,[command] python run_expid.py --config ./config/ViTDCNv3HeavyDim_tuner_config_ML_1M --expid ViTDCNv3Heavy_ML_1M_090_ee8dec16 --gpu 1,[exp_id] ViTDCNv3Heavy_ML_1M_090_ee8dec16,[dataset_id] ML_1M_7_x1,[train] N.A.,[val] logloss: 0.320049 - AUC: 0.854286,[test] logloss: 0.319416 - AUC: 0.853421
 20240928-111052,[command] python run_expid.py --config ./config/ViTDCNv3HeavyDim_tuner_config_ML_1M --expid ViTDCNv3Heavy_ML_1M_094_19007bdc --gpu 0,[exp_id] ViTDCNv3Heavy_ML_1M_094_19007bdc,[dataset_id] ML_1M_7_x1,[train] N.A.,[val] logloss: 0.321322 - AUC: 0.852649,[test] logloss: 0.319736 - AUC: 0.853090
 20240928-111417,[command] python run_expid.py --config ./config/ViTDCNv3HeavyDim_tuner_config_ML_1M --expid ViTDCNv3Heavy_ML_1M_092_ed8af27b --gpu 2,[exp_id] ViTDCNv3Heavy_ML_1M_092_ed8af27b,[dataset_id] ML_1M_7_x1,[train] N.A.,[val] logloss: 0.322750 - AUC: 0.854127,[test] logloss: 0.321355 - AUC: 0.853525
 20240928-111659,[command] python run_expid.py --config ./config/ViTDCNv3HeavyDim_tuner_config_ML_1M --expid ViTDCNv3Heavy_ML_1M_097_1ff92a61 --gpu 3,[exp_id] ViTDCNv3Heavy_ML_1M_097_1ff92a61,[dataset_id] ML_1M_7_x1,[train] N.A.,[val] logloss: 0.319892 - AUC: 0.855125,[test] logloss: 0.319485 - AUC: 0.853945
 20240928-112316,[command] python run_expid.py --config ./config/ViTDCNv3HeavyDim_tuner_config_ML_1M --expid ViTDCNv3Heavy_ML_1M_095_281ae568 --gpu 0,[exp_id] ViTDCNv3Heavy_ML_1M_095_281ae568,[dataset_id] ML_1M_7_x1,[train] N.A.,[val] logloss: 0.320614 - AUC: 0.853716,[test] logloss: 0.318876 - AUC: 0.854042
 20240928-112328,[command] python run_expid.py --config ./config/ViTDCNv3HeavyDim_tuner_config_ML_1M --expid ViTDCNv3Heavy_ML_1M_098_16d3047c --gpu 1,[exp_id] ViTDCNv3Heavy_ML_1M_098_16d3047c,[dataset_id] ML_1M_7_x1,[train] N.A.,[val] logloss: 0.321233 - AUC: 0.854875,[test] logloss: 0.320347 - AUC: 0.854175
 20240928-112352,[command] python run_expid.py --config ./config/ViTDCNv3HeavyDim_tuner_config_ML_1M --expid ViTDCNv3Heavy_ML_1M_099_d27af12c --gpu 1,[exp_id] ViTDCNv3Heavy_ML_1M_099_d27af12c,[dataset_id] ML_1M_7_x1,[train] N.A.,[val] logloss: 0.319353 - AUC: 0.854571,[test] logloss: 0.318567 - AUC: 0.853965
 20240928-113421,[command] python run_expid.py --config ./config/ViTDCNv3HeavyDim_tuner_config_ML_1M --expid ViTDCNv3Heavy_ML_1M_096_b1ac7836 --gpu 2,[exp_id] ViTDCNv3Heavy_ML_1M_096_b1ac7836,[dataset_id] ML_1M_7_x1,[train] N.A.,[val] logloss: 0.320356 - AUC: 0.854420,[test] logloss: 0.319028 - AUC: 0.854336
 20240928-113503,[command] python run_expid.py --config ./config/ViTDCNv3HeavyDim_tuner_config_ML_1M --expid ViTDCNv3Heavy_ML_1M_101_dbc2f577 --gpu 2,[exp_id] ViTDCNv3Heavy_ML_1M_101_dbc2f577,[dataset_id] ML_1M_7_x1,[train] N.A.,[val] logloss: 0.320199 - AUC: 0.853876,[test] logloss: 0.318582 - AUC: 0.854040
 20240928-113531,[command] python run_expid.py --config ./config/ViTDCNv3HeavyDim_tuner_config_ML_1M --expid ViTDCNv3Heavy_ML_1M_102_5e294830 --gpu 3,[exp_id] ViTDCNv3Heavy_ML_1M_102_5e294830,[dataset_id] ML_1M_7_x1,[train] N.A.,[val] logloss: 0.320350 - AUC: 0.854523,[test] logloss: 0.318297 - AUC: 0.855066
 20240928-113922,[command] python run_expid.py --config ./config/ViTDCNv3HeavyDim_tuner_config_ML_1M --expid ViTDCNv3Heavy_ML_1M_100_ff29cdb9 --gpu 0,[exp_id] ViTDCNv3Heavy_ML_1M_100_ff29cdb9,[dataset_id] ML_1M_7_x1,[train] N.A.,[val] logloss: 0.321242 - AUC: 0.854296,[test] logloss: 0.319732 - AUC: 0.853879
 20240928-114207,[command] python run_expid.py --config ./config/ViTDCNv3HeavyDim_tuner_config_ML_1M --expid ViTDCNv3Heavy_ML_1M_103_ae77cd66 --gpu 0,[exp_id] ViTDCNv3Heavy_ML_1M_103_ae77cd66,[dataset_id] ML_1M_7_x1,[train] N.A.,[val] logloss: 0.321407 - AUC: 0.854004,[test] logloss: 0.320838 - AUC: 0.853451
 20240928-114250,[command] python run_expid.py --config ./config/ViTDCNv3HeavyDim_tuner_config_ML_1M --expid ViTDCNv3Heavy_ML_1M_104_5e1b2564 --gpu 1,[exp_id] ViTDCNv3Heavy_ML_1M_104_5e1b2564,[dataset_id] ML_1M_7_x1,[train] N.A.,[val] logloss: 0.319879 - AUC: 0.855132,[test] logloss: 0.319051 - AUC: 0.854654
 20240928-114313,[command] python run_expid.py --config ./config/ViTDCNv3HeavyDim_tuner_config_ML_1M --expid ViTDCNv3Heavy_ML_1M_105_ed924cad --gpu 1,[exp_id] ViTDCNv3Heavy_ML_1M_105_ed924cad,[dataset_id] ML_1M_7_x1,[train] N.A.,[val] logloss: 0.320614 - AUC: 0.854027,[test] logloss: 0.319126 - AUC: 0.853989
