 20241003-101508,[command] python run_expid.py --config config/ViTDCNv3HeavyDetailed_tuner_config_iPinYou --expid ViTDCNv3Heavy_iPinYou_x1_001_e036b0fb --gpu 0,[exp_id] ViTDCNv3Heavy_iPinYou_x1_001_e036b0fb,[dataset_id] iPinYou_x1_csv,[train] N.A.,[val] logloss: 0.005558 - AUC: 0.781168,[test] logloss: 0.005558 - AUC: 0.781168
 20241003-103025,[command] python run_expid.py --config config/ViTDCNv3HeavyDetailed_tuner_config_iPinYou --expid ViTDCNv3Heavy_iPinYou_x1_004_c58a11ae --gpu 3,[exp_id] ViTDCNv3Heavy_iPinYou_x1_004_c58a11ae,[dataset_id] iPinYou_x1_csv,[train] N.A.,[val] logloss: 0.005546 - AUC: 0.783195,[test] logloss: 0.005546 - AUC: 0.783195
 20241003-110138,[command] python run_expid.py --config config/ViTDCNv3HeavyDetailed_tuner_config_iPinYou --expid ViTDCNv3Heavy_iPinYou_x1_003_eb32e91b --gpu 2,[exp_id] ViTDCNv3Heavy_iPinYou_x1_003_eb32e91b,[dataset_id] iPinYou_x1_csv,[train] N.A.,[val] logloss: 0.005543 - AUC: 0.781941,[test] logloss: 0.005543 - AUC: 0.781941
 20241003-112421,[command] python run_expid.py --config config/ViTDCNv3HeavyDetailed_tuner_config_iPinYou --expid ViTDCNv3Heavy_iPinYou_x1_005_8ddfee2a --gpu 0,[exp_id] ViTDCNv3Heavy_iPinYou_x1_005_8ddfee2a,[dataset_id] iPinYou_x1_csv,[train] N.A.,[val] logloss: 0.005551 - AUC: 0.782527,[test] logloss: 0.005551 - AUC: 0.782527
 20241003-112715,[command] python run_expid.py --config config/ViTDCNv3HeavyDetailed_tuner_config_iPinYou --expid ViTDCNv3Heavy_iPinYou_x1_002_c338d7a2 --gpu 1,[exp_id] ViTDCNv3Heavy_iPinYou_x1_002_c338d7a2,[dataset_id] iPinYou_x1_csv,[train] N.A.,[val] logloss: 0.005544 - AUC: 0.782494,[test] logloss: 0.005544 - AUC: 0.782494
 20241003-122553,[command] python run_expid.py --config config/ViTDCNv3HeavyDetailed_tuner_config_iPinYou --expid ViTDCNv3Heavy_iPinYou_x1_006_eb32e91b --gpu 3,[exp_id] ViTDCNv3Heavy_iPinYou_x1_006_eb32e91b,[dataset_id] iPinYou_x1_csv,[train] N.A.,[val] logloss: 0.005551 - AUC: 0.782927,[test] logloss: 0.005551 - AUC: 0.782927
 20241003-123645,[command] python run_expid.py --config config/ViTDCNv3HeavyDetailed_tuner_config_iPinYou --expid ViTDCNv3Heavy_iPinYou_x1_009_66a7df82 --gpu 1,[exp_id] ViTDCNv3Heavy_iPinYou_x1_009_66a7df82,[dataset_id] iPinYou_x1_csv,[train] N.A.,[val] logloss: 0.005550 - AUC: 0.781960,[test] logloss: 0.005550 - AUC: 0.781960
 20241003-124127,[command] python run_expid.py --config config/ViTDCNv3HeavyDetailed_tuner_config_iPinYou --expid ViTDCNv3Heavy_iPinYou_x1_007_845acfe8 --gpu 2,[exp_id] ViTDCNv3Heavy_iPinYou_x1_007_845acfe8,[dataset_id] iPinYou_x1_csv,[train] N.A.,[val] logloss: 0.005554 - AUC: 0.783809,[test] logloss: 0.005554 - AUC: 0.783809
 20241003-141210,[command] python run_expid.py --config config/ViTDCNv3HeavyDetailed_tuner_config_iPinYou --expid ViTDCNv3Heavy_iPinYou_x1_011_e60ef2d4 --gpu 1,[exp_id] ViTDCNv3Heavy_iPinYou_x1_011_e60ef2d4,[dataset_id] iPinYou_x1_csv,[train] N.A.,[val] logloss: 0.005551 - AUC: 0.782090,[test] logloss: 0.005551 - AUC: 0.782090
 20241003-141354,[command] python run_expid.py --config config/ViTDCNv3HeavyDetailed_tuner_config_iPinYou --expid ViTDCNv3Heavy_iPinYou_x1_008_b0bd7bd6 --gpu 0,[exp_id] ViTDCNv3Heavy_iPinYou_x1_008_b0bd7bd6,[dataset_id] iPinYou_x1_csv,[train] N.A.,[val] logloss: 0.005569 - AUC: 0.779152,[test] logloss: 0.005569 - AUC: 0.779152
 20241003-144606,[command] python run_expid.py --config config/ViTDCNv3HeavyDetailed_tuner_config_iPinYou --expid ViTDCNv3Heavy_iPinYou_x1_010_f1111394 --gpu 3,[exp_id] ViTDCNv3Heavy_iPinYou_x1_010_f1111394,[dataset_id] iPinYou_x1_csv,[train] N.A.,[val] logloss: 0.005545 - AUC: 0.782465,[test] logloss: 0.005545 - AUC: 0.782465
 20241003-145631,[command] python run_expid.py --config config/ViTDCNv3HeavyDetailed_tuner_config_iPinYou --expid ViTDCNv3Heavy_iPinYou_x1_012_66a7df82 --gpu 2,[exp_id] ViTDCNv3Heavy_iPinYou_x1_012_66a7df82,[dataset_id] iPinYou_x1_csv,[train] N.A.,[val] logloss: 0.005539 - AUC: 0.784062,[test] logloss: 0.005539 - AUC: 0.784062
 20241003-160803,[command] python run_expid.py --config config/ViTDCNv3HeavyDetailed_tuner_config_iPinYou --expid ViTDCNv3Heavy_iPinYou_x1_014_f1111394 --gpu 0,[exp_id] ViTDCNv3Heavy_iPinYou_x1_014_f1111394,[dataset_id] iPinYou_x1_csv,[train] N.A.,[val] logloss: 0.005551 - AUC: 0.782384,[test] logloss: 0.005551 - AUC: 0.782384
 20241003-161349,[command] python run_expid.py --config config/ViTDCNv3HeavyDetailed_tuner_config_iPinYou --expid ViTDCNv3Heavy_iPinYou_x1_015_f0d97b5c --gpu 3,[exp_id] ViTDCNv3Heavy_iPinYou_x1_015_f0d97b5c,[dataset_id] iPinYou_x1_csv,[train] N.A.,[val] logloss: 0.005555 - AUC: 0.781835,[test] logloss: 0.005555 - AUC: 0.781835
 20241003-162921,[command] python run_expid.py --config config/ViTDCNv3HeavyDetailed_tuner_config_iPinYou --expid ViTDCNv3Heavy_iPinYou_x1_013_66a7df82 --gpu 1,[exp_id] ViTDCNv3Heavy_iPinYou_x1_013_66a7df82,[dataset_id] iPinYou_x1_csv,[train] N.A.,[val] logloss: 0.005547 - AUC: 0.783856,[test] logloss: 0.005547 - AUC: 0.783856
 20241003-164835,[command] python run_expid.py --config config/ViTDCNv3HeavyDetailed_tuner_config_iPinYou --expid ViTDCNv3Heavy_iPinYou_x1_016_bf9758bc --gpu 2,[exp_id] ViTDCNv3Heavy_iPinYou_x1_016_bf9758bc,[dataset_id] iPinYou_x1_csv,[train] N.A.,[val] logloss: 0.005540 - AUC: 0.781863,[test] logloss: 0.005540 - AUC: 0.781863
 20241003-172244,[command] python run_expid.py --config config/ViTDCNv3HeavyDetailed_tuner_config_iPinYou --expid ViTDCNv3Heavy_iPinYou_x1_017_e8f4474c --gpu 0,[exp_id] ViTDCNv3Heavy_iPinYou_x1_017_e8f4474c,[dataset_id] iPinYou_x1_csv,[train] N.A.,[val] logloss: 0.005556 - AUC: 0.783152,[test] logloss: 0.005556 - AUC: 0.783152
 20241003-174004,[command] python run_expid.py --config config/ViTDCNv3HeavyDetailed_tuner_config_iPinYou --expid ViTDCNv3Heavy_iPinYou_x1_018_f0d97b5c --gpu 3,[exp_id] ViTDCNv3Heavy_iPinYou_x1_018_f0d97b5c,[dataset_id] iPinYou_x1_csv,[train] N.A.,[val] logloss: 0.005558 - AUC: 0.782267,[test] logloss: 0.005558 - AUC: 0.782267
 20241003-213149,[command] python run_expid.py --config config/ViTDCNv3HeavyDetailed_tuner_config_iPinYou --expid ViTDCNv3Heavy_iPinYou_x1_003_d481bf2d --gpu 2,[exp_id] ViTDCNv3Heavy_iPinYou_x1_003_d481bf2d,[dataset_id] iPinYou_x1_csv,[train] N.A.,[val] logloss: 0.005538 - AUC: 0.784240,[test] logloss: 0.005538 - AUC: 0.784240
 20241003-213152,[command] python run_expid.py --config config/ViTDCNv3HeavyDetailed_tuner_config_iPinYou --expid ViTDCNv3Heavy_iPinYou_x1_001_91ca804b --gpu 0,[exp_id] ViTDCNv3Heavy_iPinYou_x1_001_91ca804b,[dataset_id] iPinYou_x1_csv,[train] N.A.,[val] logloss: 0.005552 - AUC: 0.783148,[test] logloss: 0.005552 - AUC: 0.783148
 20241003-213950,[command] python run_expid.py --config config/ViTDCNv3HeavyDetailed_tuner_config_iPinYou --expid ViTDCNv3Heavy_iPinYou_x1_004_67b32ce9 --gpu 3,[exp_id] ViTDCNv3Heavy_iPinYou_x1_004_67b32ce9,[dataset_id] iPinYou_x1_csv,[train] N.A.,[val] logloss: 0.005541 - AUC: 0.784123,[test] logloss: 0.005541 - AUC: 0.784123
 20241003-223839,[command] python run_expid.py --config config/ViTDCNv3HeavyDetailed_tuner_config_iPinYou --expid ViTDCNv3Heavy_iPinYou_x1_002_f6830a36 --gpu 1,[exp_id] ViTDCNv3Heavy_iPinYou_x1_002_f6830a36,[dataset_id] iPinYou_x1_csv,[train] N.A.,[val] logloss: 0.005543 - AUC: 0.783343,[test] logloss: 0.005543 - AUC: 0.783343
 20241003-224024,[command] python run_expid.py --config config/ViTDCNv3HeavyDetailed_tuner_config_iPinYou --expid ViTDCNv3Heavy_iPinYou_x1_005_3acf54e2 --gpu 0,[exp_id] ViTDCNv3Heavy_iPinYou_x1_005_3acf54e2,[dataset_id] iPinYou_x1_csv,[train] N.A.,[val] logloss: 0.005540 - AUC: 0.783287,[test] logloss: 0.005540 - AUC: 0.783287
 20241003-232841,[command] python run_expid.py --config config/ViTDCNv3HeavyDetailed_tuner_config_iPinYou --expid ViTDCNv3Heavy_iPinYou_x1_007_5a820c7d --gpu 3,[exp_id] ViTDCNv3Heavy_iPinYou_x1_007_5a820c7d,[dataset_id] iPinYou_x1_csv,[train] N.A.,[val] logloss: 0.005542 - AUC: 0.783466,[test] logloss: 0.005542 - AUC: 0.783466
 20241004-000245,[command] python run_expid.py --config config/ViTDCNv3HeavyDetailed_tuner_config_iPinYou --expid ViTDCNv3Heavy_iPinYou_x1_006_d481bf2d --gpu 2,[exp_id] ViTDCNv3Heavy_iPinYou_x1_006_d481bf2d,[dataset_id] iPinYou_x1_csv,[train] N.A.,[val] logloss: 0.005544 - AUC: 0.783547,[test] logloss: 0.005544 - AUC: 0.783547
 20241004-003107,[command] python run_expid.py --config config/ViTDCNv3HeavyDetailed_tuner_config_iPinYou --expid ViTDCNv3Heavy_iPinYou_x1_009_6fd53a8c --gpu 0,[exp_id] ViTDCNv3Heavy_iPinYou_x1_009_6fd53a8c,[dataset_id] iPinYou_x1_csv,[train] N.A.,[val] logloss: 0.005545 - AUC: 0.783283,[test] logloss: 0.005545 - AUC: 0.783283
 20241004-011509,[command] python run_expid.py --config config/ViTDCNv3HeavyDetailed_tuner_config_iPinYou --expid ViTDCNv3Heavy_iPinYou_x1_008_9d6b9554 --gpu 1,[exp_id] ViTDCNv3Heavy_iPinYou_x1_008_9d6b9554,[dataset_id] iPinYou_x1_csv,[train] N.A.,[val] logloss: 0.005544 - AUC: 0.783527,[test] logloss: 0.005544 - AUC: 0.783527
 20241004-032458,[command] python run_expid.py --config config/ViTDCNv3HeavyDetailed_tuner_config_iPinYou --expid ViTDCNv3Heavy_iPinYou_x1_001_5a820c7d --gpu 0,[exp_id] ViTDCNv3Heavy_iPinYou_x1_001_5a820c7d,[dataset_id] iPinYou_x1_csv,[train] N.A.,[val] logloss: 0.005542 - AUC: 0.783566,[test] logloss: 0.005542 - AUC: 0.783566
 20241004-032534,[command] python run_expid.py --config config/ViTDCNv3HeavyDetailed_tuner_config_iPinYou --expid ViTDCNv3Heavy_iPinYou_x1_003_6fd53a8c --gpu 2,[exp_id] ViTDCNv3Heavy_iPinYou_x1_003_6fd53a8c,[dataset_id] iPinYou_x1_csv,[train] N.A.,[val] logloss: 0.005545 - AUC: 0.783314,[test] logloss: 0.005545 - AUC: 0.783314
 20241004-035436,[command] python run_expid.py --config config/ViTDCNv3HeavyDetailed_tuner_config_iPinYou --expid ViTDCNv3Heavy_iPinYou_x1_002_9d6b9554 --gpu 1,[exp_id] ViTDCNv3Heavy_iPinYou_x1_002_9d6b9554,[dataset_id] iPinYou_x1_csv,[train] N.A.,[val] logloss: 0.005544 - AUC: 0.783467,[test] logloss: 0.005544 - AUC: 0.783467
 20241004-040711,[command] python run_expid.py --config config/ViTDCNv3HeavyDetailed_tuner_config_iPinYou --expid ViTDCNv3Heavy_iPinYou_x1_004_29f8a893 --gpu 3,[exp_id] ViTDCNv3Heavy_iPinYou_x1_004_29f8a893,[dataset_id] iPinYou_x1_csv,[train] N.A.,[val] logloss: 0.005538 - AUC: 0.783119,[test] logloss: 0.005538 - AUC: 0.783119
 20241004-045152,[command] python run_expid.py --config config/ViTDCNv3HeavyDetailed_tuner_config_iPinYou --expid ViTDCNv3Heavy_iPinYou_x1_005_79ae3e3e --gpu 0,[exp_id] ViTDCNv3Heavy_iPinYou_x1_005_79ae3e3e,[dataset_id] iPinYou_x1_csv,[train] N.A.,[val] logloss: 0.005537 - AUC: 0.784112,[test] logloss: 0.005537 - AUC: 0.784112
 20241004-051800,[command] python run_expid.py --config config/ViTDCNv3HeavyDetailed_tuner_config_iPinYou --expid ViTDCNv3Heavy_iPinYou_x1_006_6fd53a8c --gpu 2,[exp_id] ViTDCNv3Heavy_iPinYou_x1_006_6fd53a8c,[dataset_id] iPinYou_x1_csv,[train] N.A.,[val] logloss: 0.005543 - AUC: 0.783645,[test] logloss: 0.005543 - AUC: 0.783645
 20241004-053336,[command] python run_expid.py --config config/ViTDCNv3HeavyDetailed_tuner_config_iPinYou --expid ViTDCNv3Heavy_iPinYou_x1_007_6fd53a8c --gpu 1,[exp_id] ViTDCNv3Heavy_iPinYou_x1_007_6fd53a8c,[dataset_id] iPinYou_x1_csv,[train] N.A.,[val] logloss: 0.005540 - AUC: 0.784251,[test] logloss: 0.005540 - AUC: 0.784251
 20241004-062817,[command] python run_expid.py --config config/ViTDCNv3HeavyDetailed_tuner_config_iPinYou --expid ViTDCNv3Heavy_iPinYou_x1_008_29f8a893 --gpu 3,[exp_id] ViTDCNv3Heavy_iPinYou_x1_008_29f8a893,[dataset_id] iPinYou_x1_csv,[train] N.A.,[val] logloss: 0.005540 - AUC: 0.783282,[test] logloss: 0.005540 - AUC: 0.783282
 20241004-063611,[command] python run_expid.py --config config/ViTDCNv3HeavyDetailed_tuner_config_iPinYou --expid ViTDCNv3Heavy_iPinYou_x1_009_ce517cca --gpu 0,[exp_id] ViTDCNv3Heavy_iPinYou_x1_009_ce517cca,[dataset_id] iPinYou_x1_csv,[train] N.A.,[val] logloss: 0.005541 - AUC: 0.784191,[test] logloss: 0.005541 - AUC: 0.784191
 20241004-064957,[command] python run_expid.py --config config/ViTDCNv3HeavyDetailed_tuner_config_iPinYou --expid ViTDCNv3Heavy_iPinYou_x1_011_9f55e3d6 --gpu 1,[exp_id] ViTDCNv3Heavy_iPinYou_x1_011_9f55e3d6,[dataset_id] iPinYou_x1_csv,[train] N.A.,[val] logloss: 0.005538 - AUC: 0.784443,[test] logloss: 0.005538 - AUC: 0.784443
 20241004-070938,[command] python run_expid.py --config config/ViTDCNv3HeavyDetailed_tuner_config_iPinYou --expid ViTDCNv3Heavy_iPinYou_x1_010_5c5f711b --gpu 2,[exp_id] ViTDCNv3Heavy_iPinYou_x1_010_5c5f711b,[dataset_id] iPinYou_x1_csv,[train] N.A.,[val] logloss: 0.005544 - AUC: 0.782598,[test] logloss: 0.005544 - AUC: 0.782598
 20241004-085431,[command] python run_expid.py --config config/ViTDCNv3HeavyDetailed_tuner_config_iPinYou --expid ViTDCNv3Heavy_iPinYou_x1_003_a4adc423 --gpu 2,[exp_id] ViTDCNv3Heavy_iPinYou_x1_003_a4adc423,[dataset_id] iPinYou_x1_csv,[train] N.A.,[val] logloss: 0.005559 - AUC: 0.782704,[test] logloss: 0.005559 - AUC: 0.782704
 20241004-093150,[command] python run_expid.py --config config/ViTDCNv3HeavyDetailed_tuner_config_iPinYou --expid ViTDCNv3Heavy_iPinYou_x1_004_5ba48385 --gpu 3,[exp_id] ViTDCNv3Heavy_iPinYou_x1_004_5ba48385,[dataset_id] iPinYou_x1_csv,[train] N.A.,[val] logloss: 0.005543 - AUC: 0.782747,[test] logloss: 0.005543 - AUC: 0.782747
 20241004-095947,[command] python run_expid.py --config config/ViTDCNv3HeavyDetailed_tuner_config_iPinYou --expid ViTDCNv3Heavy_iPinYou_x1_002_fe5fa72d --gpu 1,[exp_id] ViTDCNv3Heavy_iPinYou_x1_002_fe5fa72d,[dataset_id] iPinYou_x1_csv,[train] N.A.,[val] logloss: 0.005543 - AUC: 0.781947,[test] logloss: 0.005543 - AUC: 0.781947
 20241004-100216,[command] python run_expid.py --config config/ViTDCNv3HeavyDetailed_tuner_config_iPinYou --expid ViTDCNv3Heavy_iPinYou_x1_001_4cf2b86b --gpu 0,[exp_id] ViTDCNv3Heavy_iPinYou_x1_001_4cf2b86b,[dataset_id] iPinYou_x1_csv,[train] N.A.,[val] logloss: 0.005556 - AUC: 0.784475,[test] logloss: 0.005556 - AUC: 0.784475
 20241004-103358,[command] python run_expid.py --config config/ViTDCNv3HeavyDetailed_tuner_config_iPinYou --expid ViTDCNv3Heavy_iPinYou_x1_005_06f872fa --gpu 2,[exp_id] ViTDCNv3Heavy_iPinYou_x1_005_06f872fa,[dataset_id] iPinYou_x1_csv,[train] N.A.,[val] logloss: 0.005545 - AUC: 0.785415,[test] logloss: 0.005545 - AUC: 0.785415
 20241004-114029,[command] python run_expid.py --config config/ViTDCNv3HeavyDetailed_tuner_config_iPinYou --expid ViTDCNv3Heavy_iPinYou_x1_006_a4adc423 --gpu 3,[exp_id] ViTDCNv3Heavy_iPinYou_x1_006_a4adc423,[dataset_id] iPinYou_x1_csv,[train] N.A.,[val] logloss: 0.005546 - AUC: 0.783073,[test] logloss: 0.005546 - AUC: 0.783073
 20241004-120236,[command] python run_expid.py --config config/ViTDCNv3HeavyDetailed_tuner_config_iPinYou --expid ViTDCNv3Heavy_iPinYou_x1_008_010e0af7 --gpu 0,[exp_id] ViTDCNv3Heavy_iPinYou_x1_008_010e0af7,[dataset_id] iPinYou_x1_csv,[train] N.A.,[val] logloss: 0.005541 - AUC: 0.783235,[test] logloss: 0.005541 - AUC: 0.783235
 20241004-124416,[command] python run_expid.py --config config/ViTDCNv3HeavyDetailed_tuner_config_iPinYou --expid ViTDCNv3Heavy_iPinYou_x1_007_131b7981 --gpu 1,[exp_id] ViTDCNv3Heavy_iPinYou_x1_007_131b7981,[dataset_id] iPinYou_x1_csv,[train] N.A.,[val] logloss: 0.005545 - AUC: 0.784290,[test] logloss: 0.005545 - AUC: 0.784290
 20241004-125452,[command] python run_expid.py --config config/ViTDCNv3HeavyDetailed_tuner_config_iPinYou --expid ViTDCNv3Heavy_iPinYou_x1_009_79bbca56 --gpu 2,[exp_id] ViTDCNv3Heavy_iPinYou_x1_009_79bbca56,[dataset_id] iPinYou_x1_csv,[train] N.A.,[val] logloss: 0.005550 - AUC: 0.782924,[test] logloss: 0.005550 - AUC: 0.782924
 20241004-134652,[command] python run_expid.py --config config/ViTDCNv3HeavyDetailed_tuner_config_iPinYou --expid ViTDCNv3Heavy_iPinYou_x1_011_b0ba0c80 --gpu 0,[exp_id] ViTDCNv3Heavy_iPinYou_x1_011_b0ba0c80,[dataset_id] iPinYou_x1_csv,[train] N.A.,[val] logloss: 0.005539 - AUC: 0.782628,[test] logloss: 0.005539 - AUC: 0.782628
 20241004-141120,[command] python run_expid.py --config config/ViTDCNv3HeavyDetailed_tuner_config_iPinYou --expid ViTDCNv3Heavy_iPinYou_x1_010_40a98443 --gpu 3,[exp_id] ViTDCNv3Heavy_iPinYou_x1_010_40a98443,[dataset_id] iPinYou_x1_csv,[train] N.A.,[val] logloss: 0.005551 - AUC: 0.782641,[test] logloss: 0.005551 - AUC: 0.782641
 20241004-144615,[command] python run_expid.py --config config/ViTDCNv3HeavyDetailed_tuner_config_iPinYou --expid ViTDCNv3Heavy_iPinYou_x1_013_79bbca56 --gpu 2,[exp_id] ViTDCNv3Heavy_iPinYou_x1_013_79bbca56,[dataset_id] iPinYou_x1_csv,[train] N.A.,[val] logloss: 0.005545 - AUC: 0.784402,[test] logloss: 0.005545 - AUC: 0.784402
 20241004-151219,[command] python run_expid.py --config config/ViTDCNv3HeavyDetailed_tuner_config_iPinYou --expid ViTDCNv3Heavy_iPinYou_x1_012_79bbca56 --gpu 1,[exp_id] ViTDCNv3Heavy_iPinYou_x1_012_79bbca56,[dataset_id] iPinYou_x1_csv,[train] N.A.,[val] logloss: 0.005542 - AUC: 0.783829,[test] logloss: 0.005542 - AUC: 0.783829
 20241004-153233,[command] python run_expid.py --config config/ViTDCNv3HeavyDetailed_tuner_config_iPinYou --expid ViTDCNv3Heavy_iPinYou_x1_015_e9b2fb37 --gpu 3,[exp_id] ViTDCNv3Heavy_iPinYou_x1_015_e9b2fb37,[dataset_id] iPinYou_x1_csv,[train] N.A.,[val] logloss: 0.005546 - AUC: 0.781767,[test] logloss: 0.005546 - AUC: 0.781767
 20241004-161447,[command] python run_expid.py --config config/ViTDCNv3HeavyDetailed_tuner_config_iPinYou --expid ViTDCNv3Heavy_iPinYou_x1_014_40a98443 --gpu 0,[exp_id] ViTDCNv3Heavy_iPinYou_x1_014_40a98443,[dataset_id] iPinYou_x1_csv,[train] N.A.,[val] logloss: 0.005555 - AUC: 0.782316,[test] logloss: 0.005555 - AUC: 0.782316
 20241004-163051,[command] python run_expid.py --config config/ViTDCNv3HeavyDetailed_tuner_config_iPinYou --expid ViTDCNv3Heavy_iPinYou_x1_017_e3b53b9d --gpu 1,[exp_id] ViTDCNv3Heavy_iPinYou_x1_017_e3b53b9d,[dataset_id] iPinYou_x1_csv,[train] N.A.,[val] logloss: 0.005545 - AUC: 0.782467,[test] logloss: 0.005545 - AUC: 0.782467
 20241004-163054,[command] python run_expid.py --config config/ViTDCNv3HeavyDetailed_tuner_config_iPinYou --expid ViTDCNv3Heavy_iPinYou_x1_016_9299122e --gpu 2,[exp_id] ViTDCNv3Heavy_iPinYou_x1_016_9299122e,[dataset_id] iPinYou_x1_csv,[train] N.A.,[val] logloss: 0.005541 - AUC: 0.784118,[test] logloss: 0.005541 - AUC: 0.784118
 20241004-170107,[command] python run_expid.py --config config/ViTDCNv3HeavyDetailed_tuner_config_iPinYou --expid ViTDCNv3Heavy_iPinYou_x1_018_e9b2fb37 --gpu 3,[exp_id] ViTDCNv3Heavy_iPinYou_x1_018_e9b2fb37,[dataset_id] iPinYou_x1_csv,[train] N.A.,[val] logloss: 0.005540 - AUC: 0.782482,[test] logloss: 0.005540 - AUC: 0.782482
 20241004-232822,[command] python run_expid.py --config config/ViTDCNv3HeavyDetailed_tuner_config_iPinYou --expid ViTDCNv3Heavy_iPinYou_x1_003_826cca89 --gpu 2,[exp_id] ViTDCNv3Heavy_iPinYou_x1_003_826cca89,[dataset_id] iPinYou_x1_csv,[train] N.A.,[val] logloss: 0.005549 - AUC: 0.783280,[test] logloss: 0.005549 - AUC: 0.783280
 20241005-000944,[command] python run_expid.py --config config/ViTDCNv3HeavyDetailed_tuner_config_iPinYou --expid ViTDCNv3Heavy_iPinYou_x1_001_af9509e8 --gpu 0,[exp_id] ViTDCNv3Heavy_iPinYou_x1_001_af9509e8,[dataset_id] iPinYou_x1_csv,[train] N.A.,[val] logloss: 0.005544 - AUC: 0.782951,[test] logloss: 0.005544 - AUC: 0.782951
 20241005-005503,[command] python run_expid.py --config config/ViTDCNv3HeavyDetailed_tuner_config_iPinYou --expid ViTDCNv3Heavy_iPinYou_x1_006_87bf5ebc --gpu 0,[exp_id] ViTDCNv3Heavy_iPinYou_x1_006_87bf5ebc,[dataset_id] iPinYou_x1_csv,[train] N.A.,[val] logloss: 16.106273 - AUC: 0.500000,[test] logloss: 16.106273 - AUC: 0.500000
 20241005-012124,[command] python run_expid.py --config config/ViTDCNv3HeavyDetailed_tuner_config_iPinYou --expid ViTDCNv3Heavy_iPinYou_x1_005_32d495aa --gpu 2,[exp_id] ViTDCNv3Heavy_iPinYou_x1_005_32d495aa,[dataset_id] iPinYou_x1_csv,[train] N.A.,[val] logloss: 0.005540 - AUC: 0.784071,[test] logloss: 0.005540 - AUC: 0.784071
 20241005-012731,[command] python run_expid.py --config config/ViTDCNv3HeavyDetailed_tuner_config_iPinYou --expid ViTDCNv3Heavy_iPinYou_x1_002_85c8a5f6 --gpu 1,[exp_id] ViTDCNv3Heavy_iPinYou_x1_002_85c8a5f6,[dataset_id] iPinYou_x1_csv,[train] N.A.,[val] logloss: 0.005555 - AUC: 0.783560,[test] logloss: 0.005555 - AUC: 0.783560
 20241005-013144,[command] python run_expid.py --config config/ViTDCNv3HeavyDetailed_tuner_config_iPinYou --expid ViTDCNv3Heavy_iPinYou_x1_004_078311d6 --gpu 3,[exp_id] ViTDCNv3Heavy_iPinYou_x1_004_078311d6,[dataset_id] iPinYou_x1_csv,[train] N.A.,[val] logloss: 0.005545 - AUC: 0.784605,[test] logloss: 0.005545 - AUC: 0.784605
 20241005-023316,[command] python run_expid.py --config config/ViTDCNv3HeavyDetailed_tuner_config_iPinYou --expid ViTDCNv3Heavy_iPinYou_x1_007_223b1b70 --gpu 0,[exp_id] ViTDCNv3Heavy_iPinYou_x1_007_223b1b70,[dataset_id] iPinYou_x1_csv,[train] N.A.,[val] logloss: 0.005542 - AUC: 0.783649,[test] logloss: 0.005542 - AUC: 0.783649
 20241005-030719,[command] python run_expid.py --config config/ViTDCNv3HeavyDetailed_tuner_config_iPinYou --expid ViTDCNv3Heavy_iPinYou_x1_009_9f55e3d6 --gpu 1,[exp_id] ViTDCNv3Heavy_iPinYou_x1_009_9f55e3d6,[dataset_id] iPinYou_x1_csv,[train] N.A.,[val] logloss: 0.005542 - AUC: 0.784023,[test] logloss: 0.005542 - AUC: 0.784023
 20241005-031635,[command] python run_expid.py --config config/ViTDCNv3HeavyDetailed_tuner_config_iPinYou --expid ViTDCNv3Heavy_iPinYou_x1_008_0e83db5f --gpu 2,[exp_id] ViTDCNv3Heavy_iPinYou_x1_008_0e83db5f,[dataset_id] iPinYou_x1_csv,[train] N.A.,[val] logloss: 0.005551 - AUC: 0.783495,[test] logloss: 0.005551 - AUC: 0.783495
 20241005-034143,[command] python run_expid.py --config config/ViTDCNv3HeavyDetailed_tuner_config_iPinYou --expid ViTDCNv3Heavy_iPinYou_x1_010_ce517cca --gpu 3,[exp_id] ViTDCNv3Heavy_iPinYou_x1_010_ce517cca,[dataset_id] iPinYou_x1_csv,[train] N.A.,[val] logloss: 0.005544 - AUC: 0.781917,[test] logloss: 0.005544 - AUC: 0.781917
 20241005-040431,[command] python run_expid.py --config config/ViTDCNv3HeavyDetailed_tuner_config_iPinYou --expid ViTDCNv3Heavy_iPinYou_x1_011_41aaa2af --gpu 0,[exp_id] ViTDCNv3Heavy_iPinYou_x1_011_41aaa2af,[dataset_id] iPinYou_x1_csv,[train] N.A.,[val] logloss: 0.005539 - AUC: 0.782476,[test] logloss: 0.005539 - AUC: 0.782476
 20241005-042625,[command] python run_expid.py --config config/ViTDCNv3HeavyDetailed_tuner_config_iPinYou --expid ViTDCNv3Heavy_iPinYou_x1_013_3acf54e2 --gpu 2,[exp_id] ViTDCNv3Heavy_iPinYou_x1_013_3acf54e2,[dataset_id] iPinYou_x1_csv,[train] N.A.,[val] logloss: 0.005539 - AUC: 0.783452,[test] logloss: 0.005539 - AUC: 0.783452
 20241005-053152,[command] python run_expid.py --config config/ViTDCNv3HeavyDetailed_tuner_config_iPinYou --expid ViTDCNv3Heavy_iPinYou_x1_012_53dc8c03 --gpu 1,[exp_id] ViTDCNv3Heavy_iPinYou_x1_012_53dc8c03,[dataset_id] iPinYou_x1_csv,[train] N.A.,[val] logloss: 0.005555 - AUC: 0.783283,[test] logloss: 0.005555 - AUC: 0.783283
 20241005-054358,[command] python run_expid.py --config config/ViTDCNv3HeavyDetailed_tuner_config_iPinYou --expid ViTDCNv3Heavy_iPinYou_x1_015_06f872fa --gpu 0,[exp_id] ViTDCNv3Heavy_iPinYou_x1_015_06f872fa,[dataset_id] iPinYou_x1_csv,[train] N.A.,[val] logloss: 0.005548 - AUC: 0.784260,[test] logloss: 0.005548 - AUC: 0.784260
 20241005-060158,[command] python run_expid.py --config config/ViTDCNv3HeavyDetailed_tuner_config_iPinYou --expid ViTDCNv3Heavy_iPinYou_x1_014_d481bf2d --gpu 3,[exp_id] ViTDCNv3Heavy_iPinYou_x1_014_d481bf2d,[dataset_id] iPinYou_x1_csv,[train] N.A.,[val] logloss: 0.005542 - AUC: 0.782723,[test] logloss: 0.005542 - AUC: 0.782723
 20241005-061016,[command] python run_expid.py --config config/ViTDCNv3HeavyDetailed_tuner_config_iPinYou --expid ViTDCNv3Heavy_iPinYou_x1_016_a4adc423 --gpu 2,[exp_id] ViTDCNv3Heavy_iPinYou_x1_016_a4adc423,[dataset_id] iPinYou_x1_csv,[train] N.A.,[val] logloss: 0.005542 - AUC: 0.782721,[test] logloss: 0.005542 - AUC: 0.782721
 20241005-070411,[command] python run_expid.py --config config/ViTDCNv3HeavyDetailed_tuner_config_iPinYou --expid ViTDCNv3Heavy_iPinYou_x1_017_0c35413f --gpu 1,[exp_id] ViTDCNv3Heavy_iPinYou_x1_017_0c35413f,[dataset_id] iPinYou_x1_csv,[train] N.A.,[val] logloss: 0.005535 - AUC: 0.783415,[test] logloss: 0.005535 - AUC: 0.783415
 20241005-073919,[command] python run_expid.py --config config/ViTDCNv3HeavyDetailed_tuner_config_iPinYou --expid ViTDCNv3Heavy_iPinYou_x1_019_086e2a4c --gpu 3,[exp_id] ViTDCNv3Heavy_iPinYou_x1_019_086e2a4c,[dataset_id] iPinYou_x1_csv,[train] N.A.,[val] logloss: 0.005538 - AUC: 0.784428,[test] logloss: 0.005538 - AUC: 0.784428
 20241005-074244,[command] python run_expid.py --config config/ViTDCNv3HeavyDetailed_tuner_config_iPinYou --expid ViTDCNv3Heavy_iPinYou_x1_018_e2618f4f --gpu 0,[exp_id] ViTDCNv3Heavy_iPinYou_x1_018_e2618f4f,[dataset_id] iPinYou_x1_csv,[train] N.A.,[val] logloss: 0.005548 - AUC: 0.782414,[test] logloss: 0.005548 - AUC: 0.782414
 20241005-080305,[command] python run_expid.py --config config/ViTDCNv3HeavyDetailed_tuner_config_iPinYou --expid ViTDCNv3Heavy_iPinYou_x1_020_12b38578 --gpu 2,[exp_id] ViTDCNv3Heavy_iPinYou_x1_020_12b38578,[dataset_id] iPinYou_x1_csv,[train] N.A.,[val] logloss: 0.005536 - AUC: 0.784080,[test] logloss: 0.005536 - AUC: 0.784080
 20241005-081518,[command] python run_expid.py --config config/ViTDCNv3HeavyDetailed_tuner_config_iPinYou --expid ViTDCNv3Heavy_iPinYou_x1_021_9f3c1947 --gpu 1,[exp_id] ViTDCNv3Heavy_iPinYou_x1_021_9f3c1947,[dataset_id] iPinYou_x1_csv,[train] N.A.,[val] logloss: 0.005564 - AUC: 0.782158,[test] logloss: 0.005564 - AUC: 0.782158
 20241005-090331,[command] python run_expid.py --config config/ViTDCNv3HeavyDetailed_tuner_config_iPinYou --expid ViTDCNv3Heavy_iPinYou_x1_023_91ca804b --gpu 0,[exp_id] ViTDCNv3Heavy_iPinYou_x1_023_91ca804b,[dataset_id] iPinYou_x1_csv,[train] N.A.,[val] logloss: 0.005541 - AUC: 0.784541,[test] logloss: 0.005541 - AUC: 0.784541
 20241005-094241,[command] python run_expid.py --config config/ViTDCNv3HeavyDetailed_tuner_config_iPinYou --expid ViTDCNv3Heavy_iPinYou_x1_025_79ae3e3e --gpu 1,[exp_id] ViTDCNv3Heavy_iPinYou_x1_025_79ae3e3e,[dataset_id] iPinYou_x1_csv,[train] N.A.,[val] logloss: 0.005536 - AUC: 0.784040,[test] logloss: 0.005536 - AUC: 0.784040
 20241005-094509,[command] python run_expid.py --config config/ViTDCNv3HeavyDetailed_tuner_config_iPinYou --expid ViTDCNv3Heavy_iPinYou_x1_022_d1640177 --gpu 3,[exp_id] ViTDCNv3Heavy_iPinYou_x1_022_d1640177,[dataset_id] iPinYou_x1_csv,[train] N.A.,[val] logloss: 0.005538 - AUC: 0.783646,[test] logloss: 0.005538 - AUC: 0.783646
 20241005-094805,[command] python run_expid.py --config config/ViTDCNv3HeavyDetailed_tuner_config_iPinYou --expid ViTDCNv3Heavy_iPinYou_x1_024_f6830a36 --gpu 2,[exp_id] ViTDCNv3Heavy_iPinYou_x1_024_f6830a36,[dataset_id] iPinYou_x1_csv,[train] N.A.,[val] logloss: 0.005541 - AUC: 0.783214,[test] logloss: 0.005541 - AUC: 0.783214
 20241005-131104,[command] python run_expid.py --config config/ViTDCNv3HeavyDetailed_tuner_config_iPinYou --expid ViTDCNv3Heavy_iPinYou_x1_001_79ae3e3e --gpu 0,[exp_id] ViTDCNv3Heavy_iPinYou_x1_001_79ae3e3e,[dataset_id] iPinYou_x1_csv,[train] N.A.,[val] logloss: 0.005536 - AUC: 0.784075,[test] logloss: 0.005536 - AUC: 0.784075
 20241005-131254,[command] python run_expid.py --config config/ViTDCNv3HeavyDetailed_tuner_config_iPinYou --expid ViTDCNv3Heavy_iPinYou_x1_003_b0ba0c80 --gpu 2,[exp_id] ViTDCNv3Heavy_iPinYou_x1_003_b0ba0c80,[dataset_id] iPinYou_x1_csv,[train] N.A.,[val] logloss: 0.005539 - AUC: 0.782514,[test] logloss: 0.005539 - AUC: 0.782514
 20241005-133628,[command] python run_expid.py --config config/ViTDCNv3HeavyDetailed_tuner_config_iPinYou --expid ViTDCNv3Heavy_iPinYou_x1_002_6fd53a8c --gpu 1,[exp_id] ViTDCNv3Heavy_iPinYou_x1_002_6fd53a8c,[dataset_id] iPinYou_x1_csv,[train] N.A.,[val] logloss: 0.005543 - AUC: 0.783511,[test] logloss: 0.005543 - AUC: 0.783511
 20241005-141234,[command] python run_expid.py --config config/ViTDCNv3HeavyDetailed_tuner_config_iPinYou --expid ViTDCNv3Heavy_iPinYou_x1_004_79bbca56 --gpu 3,[exp_id] ViTDCNv3Heavy_iPinYou_x1_004_79bbca56,[dataset_id] iPinYou_x1_csv,[train] N.A.,[val] logloss: 0.005541 - AUC: 0.783767,[test] logloss: 0.005541 - AUC: 0.783767
