 20240928-131808,[command] python run_expid.py --config ./config/ViTDCNv3HeavyDim_tuner_config_iPinYou --expid ViTDCNv3Heavy_iPinYou_x1_004_8d90e84d --gpu 3,[exp_id] ViTDCNv3Heavy_iPinYou_x1_004_8d90e84d,[dataset_id] iPinYou_x1_csv,[train] N.A.,[val] logloss: 0.005625 - AUC: 0.772820,[test] logloss: 0.005625 - AUC: 0.772820
 20240928-133635,[command] python run_expid.py --config ./config/ViTDCNv3HeavyDim_tuner_config_iPinYou --expid ViTDCNv3Heavy_iPinYou_x1_006_4eed454c --gpu 1,[exp_id] ViTDCNv3Heavy_iPinYou_x1_006_4eed454c,[dataset_id] iPinYou_x1_csv,[train] N.A.,[val] logloss: 0.005588 - AUC: 0.770622,[test] logloss: 0.005588 - AUC: 0.770622
 20240928-133650,[command] python run_expid.py --config ./config/ViTDCNv3HeavyDim_tuner_config_iPinYou --expid ViTDCNv3Heavy_iPinYou_x1_002_4bc8b1d7 --gpu 1,[exp_id] ViTDCNv3Heavy_iPinYou_x1_002_4bc8b1d7,[dataset_id] iPinYou_x1_csv,[train] N.A.,[val] logloss: 0.005630 - AUC: 0.772042,[test] logloss: 0.005630 - AUC: 0.772042
 20240928-133737,[command] python run_expid.py --config ./config/ViTDCNv3HeavyDim_tuner_config_iPinYou --expid ViTDCNv3Heavy_iPinYou_x1_003_1bfdaf05 --gpu 2,[exp_id] ViTDCNv3Heavy_iPinYou_x1_003_1bfdaf05,[dataset_id] iPinYou_x1_csv,[train] N.A.,[val] logloss: 0.005589 - AUC: 0.776835,[test] logloss: 0.005589 - AUC: 0.776835
 20240928-134649,[command] python run_expid.py --config ./config/ViTDCNv3HeavyDim_tuner_config_iPinYou --expid ViTDCNv3Heavy_iPinYou_x1_005_54eea3ed --gpu 2,[exp_id] ViTDCNv3Heavy_iPinYou_x1_005_54eea3ed,[dataset_id] iPinYou_x1_csv,[train] N.A.,[val] logloss: 0.005593 - AUC: 0.778246,[test] logloss: 0.005593 - AUC: 0.778246
 20240928-134705,[command] python run_expid.py --config ./config/ViTDCNv3HeavyDim_tuner_config_iPinYou --expid ViTDCNv3Heavy_iPinYou_x1_007_1903e7be --gpu 0,[exp_id] ViTDCNv3Heavy_iPinYou_x1_007_1903e7be,[dataset_id] iPinYou_x1_csv,[train] N.A.,[val] logloss: 0.005605 - AUC: 0.779499,[test] logloss: 0.005605 - AUC: 0.779499
 20240928-134753,[command] python run_expid.py --config ./config/ViTDCNv3HeavyDim_tuner_config_iPinYou --expid ViTDCNv3Heavy_iPinYou_x1_008_677cce99 --gpu 3,[exp_id] ViTDCNv3Heavy_iPinYou_x1_008_677cce99,[dataset_id] iPinYou_x1_csv,[train] N.A.,[val] logloss: 0.005614 - AUC: 0.774789,[test] logloss: 0.005614 - AUC: 0.774789
 20240928-135313,[command] python run_expid.py --config ./config/ViTDCNv3HeavyDim_tuner_config_iPinYou --expid ViTDCNv3Heavy_iPinYou_x1_001_33040d12 --gpu 0,[exp_id] ViTDCNv3Heavy_iPinYou_x1_001_33040d12,[dataset_id] iPinYou_x1_csv,[train] N.A.,[val] logloss: 0.005611 - AUC: 0.777022,[test] logloss: 0.005611 - AUC: 0.777022
 20240928-141812,[command] python run_expid.py --config ./config/ViTDCNv3HeavyDim_tuner_config_iPinYou --expid ViTDCNv3Heavy_iPinYou_x1_014_1c8dfd78 --gpu 3,[exp_id] ViTDCNv3Heavy_iPinYou_x1_014_1c8dfd78,[dataset_id] iPinYou_x1_csv,[train] N.A.,[val] logloss: 0.005633 - AUC: 0.777742,[test] logloss: 0.005633 - AUC: 0.777742
 20240928-141846,[command] python run_expid.py --config ./config/ViTDCNv3HeavyDim_tuner_config_iPinYou --expid ViTDCNv3Heavy_iPinYou_x1_015_5714c52f --gpu 0,[exp_id] ViTDCNv3Heavy_iPinYou_x1_015_5714c52f,[dataset_id] iPinYou_x1_csv,[train] N.A.,[val] logloss: 0.005618 - AUC: 0.774427,[test] logloss: 0.005618 - AUC: 0.774427
 20240928-142445,[command] python run_expid.py --config ./config/ViTDCNv3HeavyDim_tuner_config_iPinYou --expid ViTDCNv3Heavy_iPinYou_x1_013_0c2f3b4c --gpu 0,[exp_id] ViTDCNv3Heavy_iPinYou_x1_013_0c2f3b4c,[dataset_id] iPinYou_x1_csv,[train] N.A.,[val] logloss: 0.005601 - AUC: 0.773820,[test] logloss: 0.005601 - AUC: 0.773820
 20240928-143450,[command] python run_expid.py --config ./config/ViTDCNv3HeavyDim_tuner_config_iPinYou --expid ViTDCNv3Heavy_iPinYou_x1_011_f4d84448 --gpu 2,[exp_id] ViTDCNv3Heavy_iPinYou_x1_011_f4d84448,[dataset_id] iPinYou_x1_csv,[train] N.A.,[val] logloss: 0.005579 - AUC: 0.780977,[test] logloss: 0.005579 - AUC: 0.780977
 20240928-143457,[command] python run_expid.py --config ./config/ViTDCNv3HeavyDim_tuner_config_iPinYou --expid ViTDCNv3Heavy_iPinYou_x1_009_0baaa9a1 --gpu 1,[exp_id] ViTDCNv3Heavy_iPinYou_x1_009_0baaa9a1,[dataset_id] iPinYou_x1_csv,[train] N.A.,[val] logloss: 0.005581 - AUC: 0.780104,[test] logloss: 0.005581 - AUC: 0.780104
 20240928-144330,[command] python run_expid.py --config ./config/ViTDCNv3HeavyDim_tuner_config_iPinYou --expid ViTDCNv3Heavy_iPinYou_x1_016_615dbe77 --gpu 3,[exp_id] ViTDCNv3Heavy_iPinYou_x1_016_615dbe77,[dataset_id] iPinYou_x1_csv,[train] N.A.,[val] logloss: 0.005636 - AUC: 0.772881,[test] logloss: 0.005636 - AUC: 0.772881
 20240928-144849,[command] python run_expid.py --config ./config/ViTDCNv3HeavyDim_tuner_config_iPinYou --expid ViTDCNv3Heavy_iPinYou_x1_012_c1b66aaf --gpu 2,[exp_id] ViTDCNv3Heavy_iPinYou_x1_012_c1b66aaf,[dataset_id] iPinYou_x1_csv,[train] N.A.,[val] logloss: 0.005591 - AUC: 0.778914,[test] logloss: 0.005591 - AUC: 0.778914
 20240928-144913,[command] python run_expid.py --config ./config/ViTDCNv3HeavyDim_tuner_config_iPinYou --expid ViTDCNv3Heavy_iPinYou_x1_010_24d87b7b --gpu 1,[exp_id] ViTDCNv3Heavy_iPinYou_x1_010_24d87b7b,[dataset_id] iPinYou_x1_csv,[train] N.A.,[val] logloss: 0.005567 - AUC: 0.781627,[test] logloss: 0.005567 - AUC: 0.781627
 20240928-150432,[command] python run_expid.py --config ./config/ViTDCNv3HeavyDim_tuner_config_iPinYou --expid ViTDCNv3Heavy_iPinYou_x1_017_449eb9bc --gpu 0,[exp_id] ViTDCNv3Heavy_iPinYou_x1_017_449eb9bc,[dataset_id] iPinYou_x1_csv,[train] N.A.,[val] logloss: 0.005602 - AUC: 0.776923,[test] logloss: 0.005602 - AUC: 0.776923
 20240928-150543,[command] python run_expid.py --config ./config/ViTDCNv3HeavyDim_tuner_config_iPinYou --expid ViTDCNv3Heavy_iPinYou_x1_018_210e81ca --gpu 0,[exp_id] ViTDCNv3Heavy_iPinYou_x1_018_210e81ca,[dataset_id] iPinYou_x1_csv,[train] N.A.,[val] logloss: 0.005596 - AUC: 0.776200,[test] logloss: 0.005596 - AUC: 0.776200
 20240928-151737,[command] python run_expid.py --config ./config/ViTDCNv3HeavyDim_tuner_config_iPinYou --expid ViTDCNv3Heavy_iPinYou_x1_020_b8dd5a7a --gpu 1,[exp_id] ViTDCNv3Heavy_iPinYou_x1_020_b8dd5a7a,[dataset_id] iPinYou_x1_csv,[train] N.A.,[val] logloss: 0.005600 - AUC: 0.777595,[test] logloss: 0.005600 - AUC: 0.777595
 20240928-151818,[command] python run_expid.py --config ./config/ViTDCNv3HeavyDim_tuner_config_iPinYou --expid ViTDCNv3Heavy_iPinYou_x1_019_228823cd --gpu 2,[exp_id] ViTDCNv3Heavy_iPinYou_x1_019_228823cd,[dataset_id] iPinYou_x1_csv,[train] N.A.,[val] logloss: 0.005601 - AUC: 0.777545,[test] logloss: 0.005601 - AUC: 0.777545
 20240928-152110,[command] python run_expid.py --config ./config/ViTDCNv3HeavyDim_tuner_config_iPinYou --expid ViTDCNv3Heavy_iPinYou_x1_021_5151d44f --gpu 3,[exp_id] ViTDCNv3Heavy_iPinYou_x1_021_5151d44f,[dataset_id] iPinYou_x1_csv,[train] N.A.,[val] logloss: 0.005592 - AUC: 0.775693,[test] logloss: 0.005592 - AUC: 0.775693
 20240928-152808,[command] python run_expid.py --config ./config/ViTDCNv3HeavyDim_tuner_config_iPinYou --expid ViTDCNv3Heavy_iPinYou_x1_022_e3d2ebb1 --gpu 2,[exp_id] ViTDCNv3Heavy_iPinYou_x1_022_e3d2ebb1,[dataset_id] iPinYou_x1_csv,[train] N.A.,[val] logloss: 0.005589 - AUC: 0.776402,[test] logloss: 0.005589 - AUC: 0.776402
 20240928-153637,[command] python run_expid.py --config ./config/ViTDCNv3HeavyDim_tuner_config_iPinYou --expid ViTDCNv3Heavy_iPinYou_x1_023_952c8b8d --gpu 1,[exp_id] ViTDCNv3Heavy_iPinYou_x1_023_952c8b8d,[dataset_id] iPinYou_x1_csv,[train] N.A.,[val] logloss: 0.005602 - AUC: 0.776271,[test] logloss: 0.005602 - AUC: 0.776271
 20240928-154059,[command] python run_expid.py --config ./config/ViTDCNv3HeavyDim_tuner_config_iPinYou --expid ViTDCNv3Heavy_iPinYou_x1_025_29ac89e8 --gpu 0,[exp_id] ViTDCNv3Heavy_iPinYou_x1_025_29ac89e8,[dataset_id] iPinYou_x1_csv,[train] N.A.,[val] logloss: 0.005707 - AUC: 0.772100,[test] logloss: 0.005707 - AUC: 0.772100
 20240928-154205,[command] python run_expid.py --config ./config/ViTDCNv3HeavyDim_tuner_config_iPinYou --expid ViTDCNv3Heavy_iPinYou_x1_026_a7a0b9cd --gpu 1,[exp_id] ViTDCNv3Heavy_iPinYou_x1_026_a7a0b9cd,[dataset_id] iPinYou_x1_csv,[train] N.A.,[val] logloss: 0.005646 - AUC: 0.776267,[test] logloss: 0.005646 - AUC: 0.776267
 20240928-154302,[command] python run_expid.py --config ./config/ViTDCNv3HeavyDim_tuner_config_iPinYou --expid ViTDCNv3Heavy_iPinYou_x1_028_1375bd7b --gpu 3,[exp_id] ViTDCNv3Heavy_iPinYou_x1_028_1375bd7b,[dataset_id] iPinYou_x1_csv,[train] N.A.,[val] logloss: 0.005601 - AUC: 0.774221,[test] logloss: 0.005601 - AUC: 0.774221
 20240928-155158,[command] python run_expid.py --config ./config/ViTDCNv3HeavyDim_tuner_config_iPinYou --expid ViTDCNv3Heavy_iPinYou_x1_024_f3300d11 --gpu 0,[exp_id] ViTDCNv3Heavy_iPinYou_x1_024_f3300d11,[dataset_id] iPinYou_x1_csv,[train] N.A.,[val] logloss: 0.005588 - AUC: 0.776825,[test] logloss: 0.005588 - AUC: 0.776825
 20240928-155628,[command] python run_expid.py --config ./config/ViTDCNv3HeavyDim_tuner_config_iPinYou --expid ViTDCNv3Heavy_iPinYou_x1_027_49cffceb --gpu 2,[exp_id] ViTDCNv3Heavy_iPinYou_x1_027_49cffceb,[dataset_id] iPinYou_x1_csv,[train] N.A.,[val] logloss: 0.005612 - AUC: 0.778365,[test] logloss: 0.005612 - AUC: 0.778365
 20240928-161213,[command] python run_expid.py --config ./config/ViTDCNv3HeavyDim_tuner_config_iPinYou --expid ViTDCNv3Heavy_iPinYou_x1_029_89fd4b19 --gpu 2,[exp_id] ViTDCNv3Heavy_iPinYou_x1_029_89fd4b19,[dataset_id] iPinYou_x1_csv,[train] N.A.,[val] logloss: 0.005595 - AUC: 0.775992,[test] logloss: 0.005595 - AUC: 0.775992
 20240928-161821,[command] python run_expid.py --config ./config/ViTDCNv3HeavyDim_tuner_config_iPinYou --expid ViTDCNv3Heavy_iPinYou_x1_030_f8c962a2 --gpu 1,[exp_id] ViTDCNv3Heavy_iPinYou_x1_030_f8c962a2,[dataset_id] iPinYou_x1_csv,[train] N.A.,[val] logloss: 0.005581 - AUC: 0.777579,[test] logloss: 0.005581 - AUC: 0.777579
 20240928-162128,[command] python run_expid.py --config ./config/ViTDCNv3HeavyDim_tuner_config_iPinYou --expid ViTDCNv3Heavy_iPinYou_x1_033_ab22a10e --gpu 3,[exp_id] ViTDCNv3Heavy_iPinYou_x1_033_ab22a10e,[dataset_id] iPinYou_x1_csv,[train] N.A.,[val] logloss: 0.005589 - AUC: 0.779706,[test] logloss: 0.005589 - AUC: 0.779706
 20240928-162941,[command] python run_expid.py --config ./config/ViTDCNv3HeavyDim_tuner_config_iPinYou --expid ViTDCNv3Heavy_iPinYou_x1_031_c6fc66ec --gpu 0,[exp_id] ViTDCNv3Heavy_iPinYou_x1_031_c6fc66ec,[dataset_id] iPinYou_x1_csv,[train] N.A.,[val] logloss: 0.005590 - AUC: 0.777353,[test] logloss: 0.005590 - AUC: 0.777353
 20240928-163045,[command] python run_expid.py --config ./config/ViTDCNv3HeavyDim_tuner_config_iPinYou --expid ViTDCNv3Heavy_iPinYou_x1_032_7cfd2e92 --gpu 1,[exp_id] ViTDCNv3Heavy_iPinYou_x1_032_7cfd2e92,[dataset_id] iPinYou_x1_csv,[train] N.A.,[val] logloss: 0.005588 - AUC: 0.777511,[test] logloss: 0.005588 - AUC: 0.777511
 20240928-163405,[command] python run_expid.py --config ./config/ViTDCNv3HeavyDim_tuner_config_iPinYou --expid ViTDCNv3Heavy_iPinYou_x1_034_df517af3 --gpu 0,[exp_id] ViTDCNv3Heavy_iPinYou_x1_034_df517af3,[dataset_id] iPinYou_x1_csv,[train] N.A.,[val] logloss: 0.005597 - AUC: 0.776472,[test] logloss: 0.005597 - AUC: 0.776472
 20240928-163957,[command] python run_expid.py --config ./config/ViTDCNv3HeavyDim_tuner_config_iPinYou --expid ViTDCNv3Heavy_iPinYou_x1_037_5173e940 --gpu 1,[exp_id] ViTDCNv3Heavy_iPinYou_x1_037_5173e940,[dataset_id] iPinYou_x1_csv,[train] N.A.,[val] logloss: 0.005687 - AUC: 0.770572,[test] logloss: 0.005687 - AUC: 0.770572
 20240928-164459,[command] python run_expid.py --config ./config/ViTDCNv3HeavyDim_tuner_config_iPinYou --expid ViTDCNv3Heavy_iPinYou_x1_035_57bd40ff --gpu 2,[exp_id] ViTDCNv3Heavy_iPinYou_x1_035_57bd40ff,[dataset_id] iPinYou_x1_csv,[train] N.A.,[val] logloss: 0.005588 - AUC: 0.776341,[test] logloss: 0.005588 - AUC: 0.776341
 20240928-164502,[command] python run_expid.py --config ./config/ViTDCNv3HeavyDim_tuner_config_iPinYou --expid ViTDCNv3Heavy_iPinYou_x1_038_81a506a0 --gpu 3,[exp_id] ViTDCNv3Heavy_iPinYou_x1_038_81a506a0,[dataset_id] iPinYou_x1_csv,[train] N.A.,[val] logloss: 0.005649 - AUC: 0.776952,[test] logloss: 0.005649 - AUC: 0.776952
 20240928-165241,[command] python run_expid.py --config ./config/ViTDCNv3HeavyDim_tuner_config_iPinYou --expid ViTDCNv3Heavy_iPinYou_x1_039_5ffcf465 --gpu 0,[exp_id] ViTDCNv3Heavy_iPinYou_x1_039_5ffcf465,[dataset_id] iPinYou_x1_csv,[train] N.A.,[val] logloss: 0.005619 - AUC: 0.773213,[test] logloss: 0.005619 - AUC: 0.773213
 20240928-165709,[command] python run_expid.py --config ./config/ViTDCNv3HeavyDim_tuner_config_iPinYou --expid ViTDCNv3Heavy_iPinYou_x1_036_865a53da --gpu 2,[exp_id] ViTDCNv3Heavy_iPinYou_x1_036_865a53da,[dataset_id] iPinYou_x1_csv,[train] N.A.,[val] logloss: 0.005577 - AUC: 0.776437,[test] logloss: 0.005577 - AUC: 0.776437
 20240928-170140,[command] python run_expid.py --config ./config/ViTDCNv3HeavyDim_tuner_config_iPinYou --expid ViTDCNv3Heavy_iPinYou_x1_040_f15c1feb --gpu 1,[exp_id] ViTDCNv3Heavy_iPinYou_x1_040_f15c1feb,[dataset_id] iPinYou_x1_csv,[train] N.A.,[val] logloss: 0.005606 - AUC: 0.774488,[test] logloss: 0.005606 - AUC: 0.774488
 20240928-171111,[command] python run_expid.py --config ./config/ViTDCNv3HeavyDim_tuner_config_iPinYou --expid ViTDCNv3Heavy_iPinYou_x1_041_492f7b2c --gpu 0,[exp_id] ViTDCNv3Heavy_iPinYou_x1_041_492f7b2c,[dataset_id] iPinYou_x1_csv,[train] N.A.,[val] logloss: 0.005598 - AUC: 0.776120,[test] logloss: 0.005598 - AUC: 0.776120
 20240928-171229,[command] python run_expid.py --config ./config/ViTDCNv3HeavyDim_tuner_config_iPinYou --expid ViTDCNv3Heavy_iPinYou_x1_044_6d291de6 --gpu 3,[exp_id] ViTDCNv3Heavy_iPinYou_x1_044_6d291de6,[dataset_id] iPinYou_x1_csv,[train] N.A.,[val] logloss: 0.005573 - AUC: 0.780817,[test] logloss: 0.005573 - AUC: 0.780817
 20240928-171606,[command] python run_expid.py --config ./config/ViTDCNv3HeavyDim_tuner_config_iPinYou --expid ViTDCNv3Heavy_iPinYou_x1_042_198c03d7 --gpu 1,[exp_id] ViTDCNv3Heavy_iPinYou_x1_042_198c03d7,[dataset_id] iPinYou_x1_csv,[train] N.A.,[val] logloss: 0.005618 - AUC: 0.771135,[test] logloss: 0.005618 - AUC: 0.771135
 20240928-172216,[command] python run_expid.py --config ./config/ViTDCNv3HeavyDim_tuner_config_iPinYou --expid ViTDCNv3Heavy_iPinYou_x1_043_4ef6fc31 --gpu 2,[exp_id] ViTDCNv3Heavy_iPinYou_x1_043_4ef6fc31,[dataset_id] iPinYou_x1_csv,[train] N.A.,[val] logloss: 0.005581 - AUC: 0.778161,[test] logloss: 0.005581 - AUC: 0.778161
 20240928-172846,[command] python run_expid.py --config ./config/ViTDCNv3HeavyDim_tuner_config_iPinYou --expid ViTDCNv3Heavy_iPinYou_x1_045_1a95f0d5 --gpu 0,[exp_id] ViTDCNv3Heavy_iPinYou_x1_045_1a95f0d5,[dataset_id] iPinYou_x1_csv,[train] N.A.,[val] logloss: 0.005591 - AUC: 0.773282,[test] logloss: 0.005591 - AUC: 0.773282
 20240928-173209,[command] python run_expid.py --config ./config/ViTDCNv3HeavyDim_tuner_config_iPinYou --expid ViTDCNv3Heavy_iPinYou_x1_046_d148c559 --gpu 2,[exp_id] ViTDCNv3Heavy_iPinYou_x1_046_d148c559,[dataset_id] iPinYou_x1_csv,[train] N.A.,[val] logloss: 0.005592 - AUC: 0.776709,[test] logloss: 0.005592 - AUC: 0.776709
 20240928-173856,[command] python run_expid.py --config ./config/ViTDCNv3HeavyDim_tuner_config_iPinYou --expid ViTDCNv3Heavy_iPinYou_x1_049_5c02519c --gpu 3,[exp_id] ViTDCNv3Heavy_iPinYou_x1_049_5c02519c,[dataset_id] iPinYou_x1_csv,[train] N.A.,[val] logloss: 0.005604 - AUC: 0.776620,[test] logloss: 0.005604 - AUC: 0.776620
 20240928-174316,[command] python run_expid.py --config ./config/ViTDCNv3HeavyDim_tuner_config_iPinYou --expid ViTDCNv3Heavy_iPinYou_x1_050_f342e98c --gpu 1,[exp_id] ViTDCNv3Heavy_iPinYou_x1_050_f342e98c,[dataset_id] iPinYou_x1_csv,[train] N.A.,[val] logloss: 0.005593 - AUC: 0.776274,[test] logloss: 0.005593 - AUC: 0.776274
 20240928-175013,[command] python run_expid.py --config ./config/ViTDCNv3HeavyDim_tuner_config_iPinYou --expid ViTDCNv3Heavy_iPinYou_x1_047_b321c099 --gpu 1,[exp_id] ViTDCNv3Heavy_iPinYou_x1_047_b321c099,[dataset_id] iPinYou_x1_csv,[train] N.A.,[val] logloss: 0.005583 - AUC: 0.777932,[test] logloss: 0.005583 - AUC: 0.777932
 20240928-175738,[command] python run_expid.py --config ./config/ViTDCNv3HeavyDim_tuner_config_iPinYou --expid ViTDCNv3Heavy_iPinYou_x1_048_984cfc8c --gpu 0,[exp_id] ViTDCNv3Heavy_iPinYou_x1_048_984cfc8c,[dataset_id] iPinYou_x1_csv,[train] N.A.,[val] logloss: 0.005583 - AUC: 0.777250,[test] logloss: 0.005583 - AUC: 0.777250
 20240928-175739,[command] python run_expid.py --config ./config/ViTDCNv3HeavyDim_tuner_config_iPinYou --expid ViTDCNv3Heavy_iPinYou_x1_051_29ac89e8 --gpu 2,[exp_id] ViTDCNv3Heavy_iPinYou_x1_051_29ac89e8,[dataset_id] iPinYou_x1_csv,[train] N.A.,[val] logloss: 0.005592 - AUC: 0.777298,[test] logloss: 0.005592 - AUC: 0.777298
 20240928-180603,[command] python run_expid.py --config ./config/ViTDCNv3HeavyDim_tuner_config_iPinYou --expid ViTDCNv3Heavy_iPinYou_x1_052_a7a0b9cd --gpu 0,[exp_id] ViTDCNv3Heavy_iPinYou_x1_052_a7a0b9cd,[dataset_id] iPinYou_x1_csv,[train] N.A.,[val] logloss: 0.005579 - AUC: 0.776292,[test] logloss: 0.005579 - AUC: 0.776292
 20240928-180928,[command] python run_expid.py --config ./config/ViTDCNv3HeavyDim_tuner_config_iPinYou --expid ViTDCNv3Heavy_iPinYou_x1_054_3da4cfa9 --gpu 3,[exp_id] ViTDCNv3Heavy_iPinYou_x1_054_3da4cfa9,[dataset_id] iPinYou_x1_csv,[train] N.A.,[val] logloss: 0.005594 - AUC: 0.776420,[test] logloss: 0.005594 - AUC: 0.776420
 20240928-180932,[command] python run_expid.py --config ./config/ViTDCNv3HeavyDim_tuner_config_iPinYou --expid ViTDCNv3Heavy_iPinYou_x1_053_b1d5f909 --gpu 2,[exp_id] ViTDCNv3Heavy_iPinYou_x1_053_b1d5f909,[dataset_id] iPinYou_x1_csv,[train] N.A.,[val] logloss: 0.005591 - AUC: 0.776554,[test] logloss: 0.005591 - AUC: 0.776554
 20240928-182409,[command] python run_expid.py --config ./config/ViTDCNv3HeavyDim_tuner_config_iPinYou --expid ViTDCNv3Heavy_iPinYou_x1_055_89fd4b19 --gpu 1,[exp_id] ViTDCNv3Heavy_iPinYou_x1_055_89fd4b19,[dataset_id] iPinYou_x1_csv,[train] N.A.,[val] logloss: 0.005572 - AUC: 0.778263,[test] logloss: 0.005572 - AUC: 0.778263
 20240928-184009,[command] python run_expid.py --config ./config/ViTDCNv3HeavyDim_tuner_config_iPinYou --expid ViTDCNv3Heavy_iPinYou_x1_056_f8c962a2 --gpu 1,[exp_id] ViTDCNv3Heavy_iPinYou_x1_056_f8c962a2,[dataset_id] iPinYou_x1_csv,[train] N.A.,[val] logloss: 0.005584 - AUC: 0.777131,[test] logloss: 0.005584 - AUC: 0.777131
 20240928-184123,[command] python run_expid.py --config ./config/ViTDCNv3HeavyDim_tuner_config_iPinYou --expid ViTDCNv3Heavy_iPinYou_x1_061_b77218cb --gpu 2,[exp_id] ViTDCNv3Heavy_iPinYou_x1_061_b77218cb,[dataset_id] iPinYou_x1_csv,[train] N.A.,[val] logloss: 0.005571 - AUC: 0.773635,[test] logloss: 0.005571 - AUC: 0.773635
 20240928-184331,[command] python run_expid.py --config ./config/ViTDCNv3HeavyDim_tuner_config_iPinYou --expid ViTDCNv3Heavy_iPinYou_x1_059_ab22a10e --gpu 0,[exp_id] ViTDCNv3Heavy_iPinYou_x1_059_ab22a10e,[dataset_id] iPinYou_x1_csv,[train] N.A.,[val] logloss: 0.005591 - AUC: 0.779979,[test] logloss: 0.005591 - AUC: 0.779979
 20240928-184453,[command] python run_expid.py --config ./config/ViTDCNv3HeavyDim_tuner_config_iPinYou --expid ViTDCNv3Heavy_iPinYou_x1_058_19a9d376 --gpu 2,[exp_id] ViTDCNv3Heavy_iPinYou_x1_058_19a9d376,[dataset_id] iPinYou_x1_csv,[train] N.A.,[val] logloss: 0.005590 - AUC: 0.778926,[test] logloss: 0.005590 - AUC: 0.778926
 20240928-185610,[command] python run_expid.py --config ./config/ViTDCNv3HeavyDim_tuner_config_iPinYou --expid ViTDCNv3Heavy_iPinYou_x1_062_96840aa3 --gpu 1,[exp_id] ViTDCNv3Heavy_iPinYou_x1_062_96840aa3,[dataset_id] iPinYou_x1_csv,[train] N.A.,[val] logloss: 0.005593 - AUC: 0.778536,[test] logloss: 0.005593 - AUC: 0.778536
 20240928-185623,[command] python run_expid.py --config ./config/ViTDCNv3HeavyDim_tuner_config_iPinYou --expid ViTDCNv3Heavy_iPinYou_x1_057_acca16aa --gpu 0,[exp_id] ViTDCNv3Heavy_iPinYou_x1_057_acca16aa,[dataset_id] iPinYou_x1_csv,[train] N.A.,[val] logloss: 0.005562 - AUC: 0.780432,[test] logloss: 0.005562 - AUC: 0.780432
 20240928-190001,[command] python run_expid.py --config ./config/ViTDCNv3HeavyDim_tuner_config_iPinYou --expid ViTDCNv3Heavy_iPinYou_x1_060_df517af3 --gpu 3,[exp_id] ViTDCNv3Heavy_iPinYou_x1_060_df517af3,[dataset_id] iPinYou_x1_csv,[train] N.A.,[val] logloss: 0.005566 - AUC: 0.779105,[test] logloss: 0.005566 - AUC: 0.779105
 20240928-190234,[command] python run_expid.py --config ./config/ViTDCNv3HeavyDim_tuner_config_iPinYou --expid ViTDCNv3Heavy_iPinYou_x1_064_81a506a0 --gpu 2,[exp_id] ViTDCNv3Heavy_iPinYou_x1_064_81a506a0,[dataset_id] iPinYou_x1_csv,[train] N.A.,[val] logloss: 0.005596 - AUC: 0.773755,[test] logloss: 0.005596 - AUC: 0.773755
 20240928-192008,[command] python run_expid.py --config ./config/ViTDCNv3HeavyDim_tuner_config_iPinYou --expid ViTDCNv3Heavy_iPinYou_x1_063_5173e940 --gpu 1,[exp_id] ViTDCNv3Heavy_iPinYou_x1_063_5173e940,[dataset_id] iPinYou_x1_csv,[train] N.A.,[val] logloss: 0.005571 - AUC: 0.775345,[test] logloss: 0.005571 - AUC: 0.775345
 20240928-192136,[command] python run_expid.py --config ./config/ViTDCNv3HeavyDim_tuner_config_iPinYou --expid ViTDCNv3Heavy_iPinYou_x1_065_192d698a --gpu 0,[exp_id] ViTDCNv3Heavy_iPinYou_x1_065_192d698a,[dataset_id] iPinYou_x1_csv,[train] N.A.,[val] logloss: 0.005600 - AUC: 0.776319,[test] logloss: 0.005600 - AUC: 0.776319
 20240928-192254,[command] python run_expid.py --config ./config/ViTDCNv3HeavyDim_tuner_config_iPinYou --expid ViTDCNv3Heavy_iPinYou_x1_066_a92016c1 --gpu 2,[exp_id] ViTDCNv3Heavy_iPinYou_x1_066_a92016c1,[dataset_id] iPinYou_x1_csv,[train] N.A.,[val] logloss: 0.005564 - AUC: 0.779838,[test] logloss: 0.005564 - AUC: 0.779838
 20240928-192824,[command] python run_expid.py --config ./config/ViTDCNv3HeavyDim_tuner_config_iPinYou --expid ViTDCNv3Heavy_iPinYou_x1_069_476598d3 --gpu 3,[exp_id] ViTDCNv3Heavy_iPinYou_x1_069_476598d3,[dataset_id] iPinYou_x1_csv,[train] N.A.,[val] logloss: 0.005589 - AUC: 0.771924,[test] logloss: 0.005589 - AUC: 0.771924
 20240928-193102,[command] python run_expid.py --config ./config/ViTDCNv3HeavyDim_tuner_config_iPinYou --expid ViTDCNv3Heavy_iPinYou_x1_070_39c7ebd8 --gpu 2,[exp_id] ViTDCNv3Heavy_iPinYou_x1_070_39c7ebd8,[dataset_id] iPinYou_x1_csv,[train] N.A.,[val] logloss: 0.005618 - AUC: 0.773421,[test] logloss: 0.005618 - AUC: 0.773421
 20240928-193108,[command] python run_expid.py --config ./config/ViTDCNv3HeavyDim_tuner_config_iPinYou --expid ViTDCNv3Heavy_iPinYou_x1_067_492f7b2c --gpu 1,[exp_id] ViTDCNv3Heavy_iPinYou_x1_067_492f7b2c,[dataset_id] iPinYou_x1_csv,[train] N.A.,[val] logloss: 0.005594 - AUC: 0.776036,[test] logloss: 0.005594 - AUC: 0.776036
 20240928-193805,[command] python run_expid.py --config ./config/ViTDCNv3HeavyDim_tuner_config_iPinYou --expid ViTDCNv3Heavy_iPinYou_x1_068_198c03d7 --gpu 0,[exp_id] ViTDCNv3Heavy_iPinYou_x1_068_198c03d7,[dataset_id] iPinYou_x1_csv,[train] N.A.,[val] logloss: 0.005582 - AUC: 0.775515,[test] logloss: 0.005582 - AUC: 0.775515
 20240928-195954,[command] python run_expid.py --config ./config/ViTDCNv3HeavyDim_tuner_config_iPinYou --expid ViTDCNv3Heavy_iPinYou_x1_072_d148c559 --gpu 0,[exp_id] ViTDCNv3Heavy_iPinYou_x1_072_d148c559,[dataset_id] iPinYou_x1_csv,[train] N.A.,[val] logloss: 0.005577 - AUC: 0.777472,[test] logloss: 0.005577 - AUC: 0.777472
 20240928-200240,[command] python run_expid.py --config ./config/ViTDCNv3HeavyDim_tuner_config_iPinYou --expid ViTDCNv3Heavy_iPinYou_x1_071_1a95f0d5 --gpu 1,[exp_id] ViTDCNv3Heavy_iPinYou_x1_071_1a95f0d5,[dataset_id] iPinYou_x1_csv,[train] N.A.,[val] logloss: 0.005562 - AUC: 0.777630,[test] logloss: 0.005562 - AUC: 0.777630
 20240928-200321,[command] python run_expid.py --config ./config/ViTDCNv3HeavyDim_tuner_config_iPinYou --expid ViTDCNv3Heavy_iPinYou_x1_074_a7a0b9cd --gpu 3,[exp_id] ViTDCNv3Heavy_iPinYou_x1_074_a7a0b9cd,[dataset_id] iPinYou_x1_csv,[train] N.A.,[val] logloss: 0.005646 - AUC: 0.779666,[test] logloss: 0.005646 - AUC: 0.779666
 20240928-200349,[command] python run_expid.py --config ./config/ViTDCNv3HeavyDim_tuner_config_iPinYou --expid ViTDCNv3Heavy_iPinYou_x1_073_29ac89e8 --gpu 2,[exp_id] ViTDCNv3Heavy_iPinYou_x1_073_29ac89e8,[dataset_id] iPinYou_x1_csv,[train] N.A.,[val] logloss: 0.005632 - AUC: 0.778208,[test] logloss: 0.005632 - AUC: 0.778208
 20240928-201543,[command] python run_expid.py --config ./config/ViTDCNv3HeavyDim_tuner_config_iPinYou --expid ViTDCNv3Heavy_iPinYou_x1_076_1375bd7b --gpu 1,[exp_id] ViTDCNv3Heavy_iPinYou_x1_076_1375bd7b,[dataset_id] iPinYou_x1_csv,[train] N.A.,[val] logloss: 0.005670 - AUC: 0.779686,[test] logloss: 0.005670 - AUC: 0.779686
 20240928-201916,[command] python run_expid.py --config ./config/ViTDCNv3HeavyDim_tuner_config_iPinYou --expid ViTDCNv3Heavy_iPinYou_x1_075_49cffceb --gpu 2,[exp_id] ViTDCNv3Heavy_iPinYou_x1_075_49cffceb,[dataset_id] iPinYou_x1_csv,[train] N.A.,[val] logloss: 0.005616 - AUC: 0.779457,[test] logloss: 0.005616 - AUC: 0.779457
 20240928-203902,[command] python run_expid.py --config ./config/ViTDCNv3HeavyDim_tuner_config_iPinYou --expid ViTDCNv3Heavy_iPinYou_x1_077_89fd4b19 --gpu 0,[exp_id] ViTDCNv3Heavy_iPinYou_x1_077_89fd4b19,[dataset_id] iPinYou_x1_csv,[train] N.A.,[val] logloss: 0.005650 - AUC: 0.779853,[test] logloss: 0.005650 - AUC: 0.779853
 20240928-204624,[command] python run_expid.py --config ./config/ViTDCNv3HeavyDim_tuner_config_iPinYou --expid ViTDCNv3Heavy_iPinYou_x1_078_f8c962a2 --gpu 0,[exp_id] ViTDCNv3Heavy_iPinYou_x1_078_f8c962a2,[dataset_id] iPinYou_x1_csv,[train] N.A.,[val] logloss: 0.005647 - AUC: 0.776427,[test] logloss: 0.005647 - AUC: 0.776427
 20240928-204815,[command] python run_expid.py --config ./config/ViTDCNv3HeavyDim_tuner_config_iPinYou --expid ViTDCNv3Heavy_iPinYou_x1_080_7cfd2e92 --gpu 3,[exp_id] ViTDCNv3Heavy_iPinYou_x1_080_7cfd2e92,[dataset_id] iPinYou_x1_csv,[train] N.A.,[val] logloss: 0.005591 - AUC: 0.779687,[test] logloss: 0.005591 - AUC: 0.779687
 20240928-204924,[command] python run_expid.py --config ./config/ViTDCNv3HeavyDim_tuner_config_iPinYou --expid ViTDCNv3Heavy_iPinYou_x1_081_ab22a10e --gpu 2,[exp_id] ViTDCNv3Heavy_iPinYou_x1_081_ab22a10e,[dataset_id] iPinYou_x1_csv,[train] N.A.,[val] logloss: 0.005669 - AUC: 0.775885,[test] logloss: 0.005669 - AUC: 0.775885
 20240928-210040,[command] python run_expid.py --config ./config/ViTDCNv3HeavyDim_tuner_config_iPinYou --expid ViTDCNv3Heavy_iPinYou_x1_079_c6fc66ec --gpu 1,[exp_id] ViTDCNv3Heavy_iPinYou_x1_079_c6fc66ec,[dataset_id] iPinYou_x1_csv,[train] N.A.,[val] logloss: 0.005589 - AUC: 0.779094,[test] logloss: 0.005589 - AUC: 0.779094
 20240928-210555,[command] python run_expid.py --config ./config/ViTDCNv3HeavyDim_tuner_config_iPinYou --expid ViTDCNv3Heavy_iPinYou_x1_086_81a506a0 --gpu 3,[exp_id] ViTDCNv3Heavy_iPinYou_x1_086_81a506a0,[dataset_id] iPinYou_x1_csv,[train] N.A.,[val] logloss: 0.005762 - AUC: 0.760006,[test] logloss: 0.005762 - AUC: 0.760006
 20240928-210813,[command] python run_expid.py --config ./config/ViTDCNv3HeavyDim_tuner_config_iPinYou --expid ViTDCNv3Heavy_iPinYou_x1_085_5173e940 --gpu 0,[exp_id] ViTDCNv3Heavy_iPinYou_x1_085_5173e940,[dataset_id] iPinYou_x1_csv,[train] N.A.,[val] logloss: 0.005727 - AUC: 0.762643,[test] logloss: 0.005727 - AUC: 0.762643
 20240928-211432,[command] python run_expid.py --config ./config/ViTDCNv3HeavyDim_tuner_config_iPinYou --expid ViTDCNv3Heavy_iPinYou_x1_082_df517af3 --gpu 1,[exp_id] ViTDCNv3Heavy_iPinYou_x1_082_df517af3,[dataset_id] iPinYou_x1_csv,[train] N.A.,[val] logloss: 0.005600 - AUC: 0.780321,[test] logloss: 0.005600 - AUC: 0.780321
 20240928-212148,[command] python run_expid.py --config ./config/ViTDCNv3HeavyDim_tuner_config_iPinYou --expid ViTDCNv3Heavy_iPinYou_x1_083_57bd40ff --gpu 2,[exp_id] ViTDCNv3Heavy_iPinYou_x1_083_57bd40ff,[dataset_id] iPinYou_x1_csv,[train] N.A.,[val] logloss: 0.005621 - AUC: 0.777685,[test] logloss: 0.005621 - AUC: 0.777685
 20240928-212532,[command] python run_expid.py --config ./config/ViTDCNv3HeavyDim_tuner_config_iPinYou --expid ViTDCNv3Heavy_iPinYou_x1_087_5ffcf465 --gpu 2,[exp_id] ViTDCNv3Heavy_iPinYou_x1_087_5ffcf465,[dataset_id] iPinYou_x1_csv,[train] N.A.,[val] logloss: 0.005667 - AUC: 0.774127,[test] logloss: 0.005667 - AUC: 0.774127
 20240928-212744,[command] python run_expid.py --config ./config/ViTDCNv3HeavyDim_tuner_config_iPinYou --expid ViTDCNv3Heavy_iPinYou_x1_084_865a53da --gpu 0,[exp_id] ViTDCNv3Heavy_iPinYou_x1_084_865a53da,[dataset_id] iPinYou_x1_csv,[train] N.A.,[val] logloss: 0.005607 - AUC: 0.775253,[test] logloss: 0.005607 - AUC: 0.775253
 20240928-214415,[command] python run_expid.py --config ./config/ViTDCNv3HeavyDim_tuner_config_iPinYou --expid ViTDCNv3Heavy_iPinYou_x1_089_492f7b2c --gpu 3,[exp_id] ViTDCNv3Heavy_iPinYou_x1_089_492f7b2c,[dataset_id] iPinYou_x1_csv,[train] N.A.,[val] logloss: 0.005643 - AUC: 0.778932,[test] logloss: 0.005643 - AUC: 0.778932
 20240928-214755,[command] python run_expid.py --config ./config/ViTDCNv3HeavyDim_tuner_config_iPinYou --expid ViTDCNv3Heavy_iPinYou_x1_091_4ef6fc31 --gpu 1,[exp_id] ViTDCNv3Heavy_iPinYou_x1_091_4ef6fc31,[dataset_id] iPinYou_x1_csv,[train] N.A.,[val] logloss: 0.005633 - AUC: 0.772409,[test] logloss: 0.005633 - AUC: 0.772409
 20240928-214957,[command] python run_expid.py --config ./config/ViTDCNv3HeavyDim_tuner_config_iPinYou --expid ViTDCNv3Heavy_iPinYou_x1_088_f15c1feb --gpu 1,[exp_id] ViTDCNv3Heavy_iPinYou_x1_088_f15c1feb,[dataset_id] iPinYou_x1_csv,[train] N.A.,[val] logloss: 0.005690 - AUC: 0.776816,[test] logloss: 0.005690 - AUC: 0.776816
 20240928-215238,[command] python run_expid.py --config ./config/ViTDCNv3HeavyDim_tuner_config_iPinYou --expid ViTDCNv3Heavy_iPinYou_x1_090_198c03d7 --gpu 0,[exp_id] ViTDCNv3Heavy_iPinYou_x1_090_198c03d7,[dataset_id] iPinYou_x1_csv,[train] N.A.,[val] logloss: 0.005644 - AUC: 0.779710,[test] logloss: 0.005644 - AUC: 0.779710
 20240928-220757,[command] python run_expid.py --config ./config/ViTDCNv3HeavyDim_tuner_config_iPinYou --expid ViTDCNv3Heavy_iPinYou_x1_092_6d291de6 --gpu 2,[exp_id] ViTDCNv3Heavy_iPinYou_x1_092_6d291de6,[dataset_id] iPinYou_x1_csv,[train] N.A.,[val] logloss: 0.005628 - AUC: 0.779558,[test] logloss: 0.005628 - AUC: 0.779558
 20240928-221058,[command] python run_expid.py --config ./config/ViTDCNv3HeavyDim_tuner_config_iPinYou --expid ViTDCNv3Heavy_iPinYou_x1_094_d148c559 --gpu 0,[exp_id] ViTDCNv3Heavy_iPinYou_x1_094_d148c559,[dataset_id] iPinYou_x1_csv,[train] N.A.,[val] logloss: 0.005581 - AUC: 0.778495,[test] logloss: 0.005581 - AUC: 0.778495
 20240928-221614,[command] python run_expid.py --config ./config/ViTDCNv3HeavyDim_tuner_config_iPinYou --expid ViTDCNv3Heavy_iPinYou_x1_098_f65e0e51 --gpu 0,[exp_id] ViTDCNv3Heavy_iPinYou_x1_098_f65e0e51,[dataset_id] iPinYou_x1_csv,[train] N.A.,[val] logloss: 0.005676 - AUC: 0.772742,[test] logloss: 0.005676 - AUC: 0.772742
 20240928-221931,[command] python run_expid.py --config ./config/ViTDCNv3HeavyDim_tuner_config_iPinYou --expid ViTDCNv3Heavy_iPinYou_x1_095_b321c099 --gpu 3,[exp_id] ViTDCNv3Heavy_iPinYou_x1_095_b321c099,[dataset_id] iPinYou_x1_csv,[train] N.A.,[val] logloss: 0.005589 - AUC: 0.780677,[test] logloss: 0.005589 - AUC: 0.780677
 20240928-222559,[command] python run_expid.py --config ./config/ViTDCNv3HeavyDim_tuner_config_iPinYou --expid ViTDCNv3Heavy_iPinYou_x1_093_1a95f0d5 --gpu 2,[exp_id] ViTDCNv3Heavy_iPinYou_x1_093_1a95f0d5,[dataset_id] iPinYou_x1_csv,[train] N.A.,[val] logloss: 0.005611 - AUC: 0.778801,[test] logloss: 0.005611 - AUC: 0.778801
 20240928-222919,[command] python run_expid.py --config ./config/ViTDCNv3HeavyDim_tuner_config_iPinYou --expid ViTDCNv3Heavy_iPinYou_x1_097_f9f916df --gpu 1,[exp_id] ViTDCNv3Heavy_iPinYou_x1_097_f9f916df,[dataset_id] iPinYou_x1_csv,[train] N.A.,[val] logloss: 0.005687 - AUC: 0.775853,[test] logloss: 0.005687 - AUC: 0.775853
 20240928-223149,[command] python run_expid.py --config ./config/ViTDCNv3HeavyDim_tuner_config_iPinYou --expid ViTDCNv3Heavy_iPinYou_x1_096_984cfc8c --gpu 1,[exp_id] ViTDCNv3Heavy_iPinYou_x1_096_984cfc8c,[dataset_id] iPinYou_x1_csv,[train] N.A.,[val] logloss: 0.005602 - AUC: 0.777859,[test] logloss: 0.005602 - AUC: 0.777859
 20240928-224035,[command] python run_expid.py --config ./config/ViTDCNv3HeavyDim_tuner_config_iPinYou --expid ViTDCNv3Heavy_iPinYou_x1_100_5cee0780 --gpu 0,[exp_id] ViTDCNv3Heavy_iPinYou_x1_100_5cee0780,[dataset_id] iPinYou_x1_csv,[train] N.A.,[val] logloss: 0.005666 - AUC: 0.772494,[test] logloss: 0.005666 - AUC: 0.772494
 20240928-224559,[command] python run_expid.py --config ./config/ViTDCNv3HeavyDim_tuner_config_iPinYou --expid ViTDCNv3Heavy_iPinYou_x1_099_4ff61950 --gpu 2,[exp_id] ViTDCNv3Heavy_iPinYou_x1_099_4ff61950,[dataset_id] iPinYou_x1_csv,[train] N.A.,[val] logloss: 0.005645 - AUC: 0.775653,[test] logloss: 0.005645 - AUC: 0.775653
 20240928-225627,[command] python run_expid.py --config ./config/ViTDCNv3HeavyDim_tuner_config_iPinYou --expid ViTDCNv3Heavy_iPinYou_x1_102_38065abc --gpu 3,[exp_id] ViTDCNv3Heavy_iPinYou_x1_102_38065abc,[dataset_id] iPinYou_x1_csv,[train] N.A.,[val] logloss: 0.005610 - AUC: 0.778813,[test] logloss: 0.005610 - AUC: 0.778813
 20240928-230203,[command] python run_expid.py --config ./config/ViTDCNv3HeavyDim_tuner_config_iPinYou --expid ViTDCNv3Heavy_iPinYou_x1_101_4d27c789 --gpu 0,[exp_id] ViTDCNv3Heavy_iPinYou_x1_101_4d27c789,[dataset_id] iPinYou_x1_csv,[train] N.A.,[val] logloss: 0.005600 - AUC: 0.778806,[test] logloss: 0.005600 - AUC: 0.778806
 20240928-231125,[command] python run_expid.py --config ./config/ViTDCNv3HeavyDim_tuner_config_iPinYou --expid ViTDCNv3Heavy_iPinYou_x1_103_3fe3b2d1 --gpu 2,[exp_id] ViTDCNv3Heavy_iPinYou_x1_103_3fe3b2d1,[dataset_id] iPinYou_x1_csv,[train] N.A.,[val] logloss: 0.005632 - AUC: 0.778508,[test] logloss: 0.005632 - AUC: 0.778508
 20240928-231556,[command] python run_expid.py --config ./config/ViTDCNv3HeavyDim_tuner_config_iPinYou --expid ViTDCNv3Heavy_iPinYou_x1_104_62ca1f7d --gpu 1,[exp_id] ViTDCNv3Heavy_iPinYou_x1_104_62ca1f7d,[dataset_id] iPinYou_x1_csv,[train] N.A.,[val] logloss: 0.005609 - AUC: 0.772994,[test] logloss: 0.005609 - AUC: 0.772994
 20240928-231557,[command] python run_expid.py --config ./config/ViTDCNv3HeavyDim_tuner_config_iPinYou --expid ViTDCNv3Heavy_iPinYou_x1_105_224e2b71 --gpu 1,[exp_id] ViTDCNv3Heavy_iPinYou_x1_105_224e2b71,[dataset_id] iPinYou_x1_csv,[train] N.A.,[val] logloss: 0.005658 - AUC: 0.776116,[test] logloss: 0.005658 - AUC: 0.776116
 20240928-232055,[command] python run_expid.py --config ./config/ViTDCNv3HeavyDim_tuner_config_iPinYou --expid ViTDCNv3Heavy_iPinYou_x1_106_525a4290 --gpu 0,[exp_id] ViTDCNv3Heavy_iPinYou_x1_106_525a4290,[dataset_id] iPinYou_x1_csv,[train] N.A.,[val] logloss: 0.005612 - AUC: 0.777786,[test] logloss: 0.005612 - AUC: 0.777786
 20240928-233148,[command] python run_expid.py --config ./config/ViTDCNv3HeavyDim_tuner_config_iPinYou --expid ViTDCNv3Heavy_iPinYou_x1_109_5fed742a --gpu 0,[exp_id] ViTDCNv3Heavy_iPinYou_x1_109_5fed742a,[dataset_id] iPinYou_x1_csv,[train] N.A.,[val] logloss: 0.005656 - AUC: 0.777205,[test] logloss: 0.005656 - AUC: 0.777205
 20240928-233618,[command] python run_expid.py --config ./config/ViTDCNv3HeavyDim_tuner_config_iPinYou --expid ViTDCNv3Heavy_iPinYou_x1_108_3b72ae8d --gpu 3,[exp_id] ViTDCNv3Heavy_iPinYou_x1_108_3b72ae8d,[dataset_id] iPinYou_x1_csv,[train] N.A.,[val] logloss: 0.005554 - AUC: 0.781629,[test] logloss: 0.005554 - AUC: 0.781629
 20240928-233901,[command] python run_expid.py --config ./config/ViTDCNv3HeavyDim_tuner_config_iPinYou --expid ViTDCNv3Heavy_iPinYou_x1_107_ef874d08 --gpu 2,[exp_id] ViTDCNv3Heavy_iPinYou_x1_107_ef874d08,[dataset_id] iPinYou_x1_csv,[train] N.A.,[val] logloss: 0.005577 - AUC: 0.780930,[test] logloss: 0.005577 - AUC: 0.780930
 20240928-234124,[command] python run_expid.py --config ./config/ViTDCNv3HeavyDim_tuner_config_iPinYou --expid ViTDCNv3Heavy_iPinYou_x1_110_deb901a5 --gpu 2,[exp_id] ViTDCNv3Heavy_iPinYou_x1_110_deb901a5,[dataset_id] iPinYou_x1_csv,[train] N.A.,[val] logloss: 0.005655 - AUC: 0.774365,[test] logloss: 0.005655 - AUC: 0.774365
 20240928-234747,[command] python run_expid.py --config ./config/ViTDCNv3HeavyDim_tuner_config_iPinYou --expid ViTDCNv3Heavy_iPinYou_x1_111_e572f192 --gpu 1,[exp_id] ViTDCNv3Heavy_iPinYou_x1_111_e572f192,[dataset_id] iPinYou_x1_csv,[train] N.A.,[val] logloss: 0.005746 - AUC: 0.773663,[test] logloss: 0.005746 - AUC: 0.773663
 20240928-235447,[command] python run_expid.py --config ./config/ViTDCNv3HeavyDim_tuner_config_iPinYou --expid ViTDCNv3Heavy_iPinYou_x1_112_95b9c694 --gpu 1,[exp_id] ViTDCNv3Heavy_iPinYou_x1_112_95b9c694,[dataset_id] iPinYou_x1_csv,[train] N.A.,[val] logloss: 0.005619 - AUC: 0.777259,[test] logloss: 0.005619 - AUC: 0.777259
 20240929-000319,[command] python run_expid.py --config ./config/ViTDCNv3HeavyDim_tuner_config_iPinYou --expid ViTDCNv3Heavy_iPinYou_x1_113_a4d8c27c --gpu 0,[exp_id] ViTDCNv3Heavy_iPinYou_x1_113_a4d8c27c,[dataset_id] iPinYou_x1_csv,[train] N.A.,[val] logloss: 0.005594 - AUC: 0.778271,[test] logloss: 0.005594 - AUC: 0.778271
 20240929-001017,[command] python run_expid.py --config ./config/ViTDCNv3HeavyDim_tuner_config_iPinYou --expid ViTDCNv3Heavy_iPinYou_x1_114_6edbc0b1 --gpu 0,[exp_id] ViTDCNv3Heavy_iPinYou_x1_114_6edbc0b1,[dataset_id] iPinYou_x1_csv,[train] N.A.,[val] logloss: 0.005597 - AUC: 0.775866,[test] logloss: 0.005597 - AUC: 0.775866
 20240929-002056,[command] python run_expid.py --config ./config/ViTDCNv3HeavyDim_tuner_config_iPinYou --expid ViTDCNv3Heavy_iPinYou_x1_115_fc3300ab --gpu 3,[exp_id] ViTDCNv3Heavy_iPinYou_x1_115_fc3300ab,[dataset_id] iPinYou_x1_csv,[train] N.A.,[val] logloss: 0.005625 - AUC: 0.778220,[test] logloss: 0.005625 - AUC: 0.778220
