 20240924-015550,[command] python run_expid.py --config ./config/ViTLinDCNv3_tuner_config_ML_1M --expid ViTLinDCNv3_ML_1M_001_7c37ae4f --gpu 2,[exp_id] ViTLinDCNv3_ML_1M_001_7c37ae4f,[dataset_id] ML_1M_7_x1,[train] N.A.,[val] logloss: 0.316950 - AUC: 0.853745,[test] logloss: 0.316130 - AUC: 0.853507
 20240924-020337,[command] python run_expid.py --config ./config/ViTLinDCNv3_tuner_config_ML_1M --expid ViTLinDCNv3_ML_1M_002_99c10563 --gpu 2,[exp_id] ViTLinDCNv3_ML_1M_002_99c10563,[dataset_id] ML_1M_7_x1,[train] N.A.,[val] logloss: 0.318516 - AUC: 0.852566,[test] logloss: 0.317429 - AUC: 0.852205
 20240924-021222,[command] python run_expid.py --config ./config/ViTLinDCNv3_tuner_config_ML_1M --expid ViTLinDCNv3_ML_1M_003_ff6866fa --gpu 2,[exp_id] ViTLinDCNv3_ML_1M_003_ff6866fa,[dataset_id] ML_1M_7_x1,[train] N.A.,[val] logloss: 0.316542 - AUC: 0.854737,[test] logloss: 0.315345 - AUC: 0.854663
 20240924-023244,[command] python run_expid.py --config ./config/ViTLinDCNv3_tuner_config_ML_1M --expid ViTLinDCNv3_ML_1M_004_23c09b5d --gpu 2,[exp_id] ViTLinDCNv3_ML_1M_004_23c09b5d,[dataset_id] ML_1M_7_x1,[train] N.A.,[val] logloss: 0.317260 - AUC: 0.854230,[test] logloss: 0.316097 - AUC: 0.854080
 20240924-030015,[command] python run_expid.py --config ./config/ViTLinDCNv3_tuner_config_ML_1M --expid ViTLinDCNv3_ML_1M_005_02e17137 --gpu 2,[exp_id] ViTLinDCNv3_ML_1M_005_02e17137,[dataset_id] ML_1M_7_x1,[train] N.A.,[val] logloss: 0.317871 - AUC: 0.853877,[test] logloss: 0.316418 - AUC: 0.854198
 20240924-032644,[command] python run_expid.py --config ./config/ViTLinDCNv3_tuner_config_ML_1M --expid ViTLinDCNv3_ML_1M_006_12818089 --gpu 2,[exp_id] ViTLinDCNv3_ML_1M_006_12818089,[dataset_id] ML_1M_7_x1,[train] N.A.,[val] logloss: 0.317235 - AUC: 0.854197,[test] logloss: 0.315851 - AUC: 0.854413
 20240924-034657,[command] python run_expid.py --config ./config/ViTLinDCNv3_tuner_config_ML_1M --expid ViTLinDCNv3_ML_1M_007_21d0c57f --gpu 2,[exp_id] ViTLinDCNv3_ML_1M_007_21d0c57f,[dataset_id] ML_1M_7_x1,[train] N.A.,[val] logloss: 0.317810 - AUC: 0.853231,[test] logloss: 0.316373 - AUC: 0.853278
 20240924-041335,[command] python run_expid.py --config ./config/ViTLinDCNv3_tuner_config_ML_1M --expid ViTLinDCNv3_ML_1M_008_5b257532 --gpu 2,[exp_id] ViTLinDCNv3_ML_1M_008_5b257532,[dataset_id] ML_1M_7_x1,[train] N.A.,[val] logloss: 0.317095 - AUC: 0.854423,[test] logloss: 0.315629 - AUC: 0.854681
 20240924-044114,[command] python run_expid.py --config ./config/ViTLinDCNv3_tuner_config_ML_1M --expid ViTLinDCNv3_ML_1M_009_536418a6 --gpu 2,[exp_id] ViTLinDCNv3_ML_1M_009_536418a6,[dataset_id] ML_1M_7_x1,[train] N.A.,[val] logloss: 0.318179 - AUC: 0.853195,[test] logloss: 0.316793 - AUC: 0.853240
 20240924-050612,[command] python run_expid.py --config ./config/ViTLinDCNv3_tuner_config_ML_1M --expid ViTLinDCNv3_ML_1M_010_2af9ba5b --gpu 2,[exp_id] ViTLinDCNv3_ML_1M_010_2af9ba5b,[dataset_id] ML_1M_7_x1,[train] N.A.,[val] logloss: 0.317128 - AUC: 0.853824,[test] logloss: 0.315906 - AUC: 0.853618
 20240924-053455,[command] python run_expid.py --config ./config/ViTLinDCNv3_tuner_config_ML_1M --expid ViTLinDCNv3_ML_1M_011_d449348f --gpu 2,[exp_id] ViTLinDCNv3_ML_1M_011_d449348f,[dataset_id] ML_1M_7_x1,[train] N.A.,[val] logloss: 0.317678 - AUC: 0.853638,[test] logloss: 0.316446 - AUC: 0.853553
 20240924-060019,[command] python run_expid.py --config ./config/ViTLinDCNv3_tuner_config_ML_1M --expid ViTLinDCNv3_ML_1M_012_8673eaa0 --gpu 2,[exp_id] ViTLinDCNv3_ML_1M_012_8673eaa0,[dataset_id] ML_1M_7_x1,[train] N.A.,[val] logloss: 0.318207 - AUC: 0.852844,[test] logloss: 0.316934 - AUC: 0.852842
 20240924-070224,[command] python run_expid.py --config ./config/ViTLinDCNv3_tuner_config_ML_1M --expid ViTLinDCNv3_ML_1M_013_50f61f24 --gpu 2,[exp_id] ViTLinDCNv3_ML_1M_013_50f61f24,[dataset_id] ML_1M_7_x1,[train] N.A.,[val] logloss: 0.317049 - AUC: 0.854065,[test] logloss: 0.315705 - AUC: 0.854053
 20240924-080344,[command] python run_expid.py --config ./config/ViTLinDCNv3_tuner_config_ML_1M --expid ViTLinDCNv3_ML_1M_014_ff6866fa --gpu 2,[exp_id] ViTLinDCNv3_ML_1M_014_ff6866fa,[dataset_id] ML_1M_7_x1,[train] N.A.,[val] logloss: 0.316430 - AUC: 0.854916,[test] logloss: 0.314865 - AUC: 0.855016
 20240924-085931,[command] python run_expid.py --config ./config/ViTLinDCNv3_tuner_config_ML_1M --expid ViTLinDCNv3_ML_1M_015_6a99d3f3 --gpu 2,[exp_id] ViTLinDCNv3_ML_1M_015_6a99d3f3,[dataset_id] ML_1M_7_x1,[train] N.A.,[val] logloss: 0.317115 - AUC: 0.853702,[test] logloss: 0.315934 - AUC: 0.853655
 20240924-095826,[command] python run_expid.py --config ./config/ViTLinDCNv3_tuner_config_ML_1M --expid ViTLinDCNv3_ML_1M_016_9518a36d --gpu 2,[exp_id] ViTLinDCNv3_ML_1M_016_9518a36d,[dataset_id] ML_1M_7_x1,[train] N.A.,[val] logloss: 0.317217 - AUC: 0.854252,[test] logloss: 0.315712 - AUC: 0.854511
 20240924-111250,[command] python run_expid.py --config ./config/ViTLinDCNv3_tuner_config_ML_1M --expid ViTLinDCNv3_ML_1M_017_00eb5264 --gpu 2,[exp_id] ViTLinDCNv3_ML_1M_017_00eb5264,[dataset_id] ML_1M_7_x1,[train] N.A.,[val] logloss: 0.316421 - AUC: 0.855433,[test] logloss: 0.315235 - AUC: 0.855087
 20240924-121129,[command] python run_expid.py --config ./config/ViTLinDCNv3_tuner_config_ML_1M --expid ViTLinDCNv3_ML_1M_018_21d0c57f --gpu 2,[exp_id] ViTLinDCNv3_ML_1M_018_21d0c57f,[dataset_id] ML_1M_7_x1,[train] N.A.,[val] logloss: 0.317652 - AUC: 0.853051,[test] logloss: 0.316083 - AUC: 0.853402
 20240924-132840,[command] python run_expid.py --config ./config/ViTLinDCNv3_tuner_config_ML_1M --expid ViTLinDCNv3_ML_1M_019_78dc9d78 --gpu 2,[exp_id] ViTLinDCNv3_ML_1M_019_78dc9d78,[dataset_id] ML_1M_7_x1,[train] N.A.,[val] logloss: 0.316857 - AUC: 0.854826,[test] logloss: 0.315572 - AUC: 0.854839
 20240924-142706,[command] python run_expid.py --config ./config/ViTLinDCNv3_tuner_config_ML_1M --expid ViTLinDCNv3_ML_1M_020_ac335ed2 --gpu 2,[exp_id] ViTLinDCNv3_ML_1M_020_ac335ed2,[dataset_id] ML_1M_7_x1,[train] N.A.,[val] logloss: 0.316989 - AUC: 0.853954,[test] logloss: 0.315540 - AUC: 0.853938
 20240924-160643,[command] python run_expid.py --config ./config/ViTLinDCNv3_tuner_config_ML_1M --expid ViTLinDCNv3_ML_1M_021_6fd625bb --gpu 2,[exp_id] ViTLinDCNv3_ML_1M_021_6fd625bb,[dataset_id] ML_1M_7_x1,[train] N.A.,[val] logloss: 0.318732 - AUC: 0.853305,[test] logloss: 0.317095 - AUC: 0.853725
 20240924-174331,[command] python run_expid.py --config ./config/ViTLinDCNv3_tuner_config_ML_1M --expid ViTLinDCNv3_ML_1M_022_d449348f --gpu 2,[exp_id] ViTLinDCNv3_ML_1M_022_d449348f,[dataset_id] ML_1M_7_x1,[train] N.A.,[val] logloss: 0.318571 - AUC: 0.853340,[test] logloss: 0.317017 - AUC: 0.853833
 20240924-191220,[command] python run_expid.py --config ./config/ViTLinDCNv3_tuner_config_ML_1M --expid ViTLinDCNv3_ML_1M_023_a10798cf --gpu 2,[exp_id] ViTLinDCNv3_ML_1M_023_a10798cf,[dataset_id] ML_1M_7_x1,[train] N.A.,[val] logloss: 0.318669 - AUC: 0.852977,[test] logloss: 0.317168 - AUC: 0.853358
 20240924-204949,[command] python run_expid.py --config ./config/ViTLinDCNv3_tuner_config_ML_1M --expid ViTLinDCNv3_ML_1M_024_9c8fa648 --gpu 2,[exp_id] ViTLinDCNv3_ML_1M_024_9c8fa648,[dataset_id] ML_1M_7_x1,[train] N.A.,[val] logloss: 0.318520 - AUC: 0.853580,[test] logloss: 0.317060 - AUC: 0.853820
 20240924-214600,[command] python run_expid.py --config ./config/ViTLinDCNv3_tuner_config_ML_1M --expid ViTLinDCNv3_ML_1M_025_02e17137 --gpu 2,[exp_id] ViTLinDCNv3_ML_1M_025_02e17137,[dataset_id] ML_1M_7_x1,[train] N.A.,[val] logloss: 0.316845 - AUC: 0.853861,[test] logloss: 0.315991 - AUC: 0.853461
 20240924-224701,[command] python run_expid.py --config ./config/ViTLinDCNv3_tuner_config_ML_1M --expid ViTLinDCNv3_ML_1M_026_12818089 --gpu 2,[exp_id] ViTLinDCNv3_ML_1M_026_12818089,[dataset_id] ML_1M_7_x1,[train] N.A.,[val] logloss: 0.318635 - AUC: 0.852627,[test] logloss: 0.317136 - AUC: 0.852832
 20240924-233448,[command] python run_expid.py --config ./config/ViTLinDCNv3_tuner_config_ML_1M --expid ViTLinDCNv3_ML_1M_027_21d0c57f --gpu 2,[exp_id] ViTLinDCNv3_ML_1M_027_21d0c57f,[dataset_id] ML_1M_7_x1,[train] N.A.,[val] logloss: 0.319087 - AUC: 0.852057,[test] logloss: 0.317485 - AUC: 0.852427
 20240925-003552,[command] python run_expid.py --config ./config/ViTLinDCNv3_tuner_config_ML_1M --expid ViTLinDCNv3_ML_1M_028_5b257532 --gpu 2,[exp_id] ViTLinDCNv3_ML_1M_028_5b257532,[dataset_id] ML_1M_7_x1,[train] N.A.,[val] logloss: 0.317164 - AUC: 0.853855,[test] logloss: 0.315887 - AUC: 0.853901
 20240925-021249,[command] python run_expid.py --config ./config/ViTLinDCNv3_tuner_config_ML_1M --expid ViTLinDCNv3_ML_1M_029_3cc3bffe --gpu 2,[exp_id] ViTLinDCNv3_ML_1M_029_3cc3bffe,[dataset_id] ML_1M_7_x1,[train] N.A.,[val] logloss: 0.318696 - AUC: 0.852941,[test] logloss: 0.317601 - AUC: 0.852885
 20240925-035213,[command] python run_expid.py --config ./config/ViTLinDCNv3_tuner_config_ML_1M --expid ViTLinDCNv3_ML_1M_030_18c454d6 --gpu 2,[exp_id] ViTLinDCNv3_ML_1M_030_18c454d6,[dataset_id] ML_1M_7_x1,[train] N.A.,[val] logloss: 0.317947 - AUC: 0.853762,[test] logloss: 0.316328 - AUC: 0.854053
 20240925-050746,[command] python run_expid.py --config ./config/ViTLinDCNv3_tuner_config_ML_1M --expid ViTLinDCNv3_ML_1M_031_9af9b0db --gpu 2,[exp_id] ViTLinDCNv3_ML_1M_031_9af9b0db,[dataset_id] ML_1M_7_x1,[train] N.A.,[val] logloss: 0.317150 - AUC: 0.853933,[test] logloss: 0.315795 - AUC: 0.854128
 20240925-063634,[command] python run_expid.py --config ./config/ViTLinDCNv3_tuner_config_ML_1M --expid ViTLinDCNv3_ML_1M_032_0d324ad7 --gpu 2,[exp_id] ViTLinDCNv3_ML_1M_032_0d324ad7,[dataset_id] ML_1M_7_x1,[train] N.A.,[val] logloss: 0.317158 - AUC: 0.854742,[test] logloss: 0.315759 - AUC: 0.854896
 20240925-075742,[command] python run_expid.py --config ./config/ViTLinDCNv3_tuner_config_ML_1M --expid ViTLinDCNv3_ML_1M_033_5e4c90db --gpu 2,[exp_id] ViTLinDCNv3_ML_1M_033_5e4c90db,[dataset_id] ML_1M_7_x1,[train] N.A.,[val] logloss: 0.317856 - AUC: 0.852662,[test] logloss: 0.316947 - AUC: 0.852259
 20240925-090849,[command] python run_expid.py --config ./config/ViTLinDCNv3_tuner_config_ML_1M --expid ViTLinDCNv3_ML_1M_034_f3f54e21 --gpu 2,[exp_id] ViTLinDCNv3_ML_1M_034_f3f54e21,[dataset_id] ML_1M_7_x1,[train] N.A.,[val] logloss: 0.318339 - AUC: 0.852722,[test] logloss: 0.317231 - AUC: 0.852607
 20240925-093156,[command] python run_expid.py --config ./config/ViTLinDCNv3_tuner_config_ML_1M --expid ViTLinDCNv3_ML_1M_035_f32d531d --gpu 2,[exp_id] ViTLinDCNv3_ML_1M_035_f32d531d,[dataset_id] ML_1M_7_x1,[train] N.A.,[val] logloss: 0.318015 - AUC: 0.853349,[test] logloss: 0.316453 - AUC: 0.853616
 20240925-095015,[command] python run_expid.py --config ./config/ViTLinDCNv3_tuner_config_ML_1M --expid ViTLinDCNv3_ML_1M_036_2444af20 --gpu 2,[exp_id] ViTLinDCNv3_ML_1M_036_2444af20,[dataset_id] ML_1M_7_x1,[train] N.A.,[val] logloss: 0.317027 - AUC: 0.853854,[test] logloss: 0.315804 - AUC: 0.853894
 20240925-100508,[command] python run_expid.py --config ./config/ViTLinDCNv3_tuner_config_ML_1M --expid ViTLinDCNv3_ML_1M_037_00eb5264 --gpu 2,[exp_id] ViTLinDCNv3_ML_1M_037_00eb5264,[dataset_id] ML_1M_7_x1,[train] N.A.,[val] logloss: 0.317386 - AUC: 0.853802,[test] logloss: 0.315900 - AUC: 0.854021
 20240925-102159,[command] python run_expid.py --config ./config/ViTLinDCNv3_tuner_config_ML_1M --expid ViTLinDCNv3_ML_1M_038_21d0c57f --gpu 2,[exp_id] ViTLinDCNv3_ML_1M_038_21d0c57f,[dataset_id] ML_1M_7_x1,[train] N.A.,[val] logloss: 0.317727 - AUC: 0.853712,[test] logloss: 0.316091 - AUC: 0.854119
 20240925-103729,[command] python run_expid.py --config ./config/ViTLinDCNv3_tuner_config_ML_1M --expid ViTLinDCNv3_ML_1M_039_78dc9d78 --gpu 2,[exp_id] ViTLinDCNv3_ML_1M_039_78dc9d78,[dataset_id] ML_1M_7_x1,[train] N.A.,[val] logloss: 0.317685 - AUC: 0.853469,[test] logloss: 0.316296 - AUC: 0.853648
 20240925-105407,[command] python run_expid.py --config ./config/ViTLinDCNv3_tuner_config_ML_1M --expid ViTLinDCNv3_ML_1M_040_ac335ed2 --gpu 2,[exp_id] ViTLinDCNv3_ML_1M_040_ac335ed2,[dataset_id] ML_1M_7_x1,[train] N.A.,[val] logloss: 0.317731 - AUC: 0.853636,[test] logloss: 0.316187 - AUC: 0.853923
 20240925-111733,[command] python run_expid.py --config ./config/ViTLinDCNv3_tuner_config_ML_1M --expid ViTLinDCNv3_ML_1M_041_6f4485a5 --gpu 2,[exp_id] ViTLinDCNv3_ML_1M_041_6f4485a5,[dataset_id] ML_1M_7_x1,[train] N.A.,[val] logloss: 0.316858 - AUC: 0.854879,[test] logloss: 0.315332 - AUC: 0.854985
 20240925-114507,[command] python run_expid.py --config ./config/ViTLinDCNv3_tuner_config_ML_1M --expid ViTLinDCNv3_ML_1M_042_9af9b0db --gpu 2,[exp_id] ViTLinDCNv3_ML_1M_042_9af9b0db,[dataset_id] ML_1M_7_x1,[train] N.A.,[val] logloss: 0.318036 - AUC: 0.852960,[test] logloss: 0.316553 - AUC: 0.853194
 20240925-121231,[command] python run_expid.py --config ./config/ViTLinDCNv3_tuner_config_ML_1M --expid ViTLinDCNv3_ML_1M_043_7ff9bdc4 --gpu 2,[exp_id] ViTLinDCNv3_ML_1M_043_7ff9bdc4,[dataset_id] ML_1M_7_x1,[train] N.A.,[val] logloss: 0.318342 - AUC: 0.852853,[test] logloss: 0.316827 - AUC: 0.853341
 20240925-123950,[command] python run_expid.py --config ./config/ViTLinDCNv3_tuner_config_ML_1M --expid ViTLinDCNv3_ML_1M_044_35b81e73 --gpu 2,[exp_id] ViTLinDCNv3_ML_1M_044_35b81e73,[dataset_id] ML_1M_7_x1,[train] N.A.,[val] logloss: 0.319034 - AUC: 0.852075,[test] logloss: 0.317626 - AUC: 0.852236
 20240925-131641,[command] python run_expid.py --config ./config/ViTLinDCNv3_tuner_config_ML_1M --expid ViTLinDCNv3_ML_1M_045_21ebda2b --gpu 2,[exp_id] ViTLinDCNv3_ML_1M_045_21ebda2b,[dataset_id] ML_1M_7_x1,[train] N.A.,[val] logloss: 0.317884 - AUC: 0.853562,[test] logloss: 0.316573 - AUC: 0.853753
 20240925-134641,[command] python run_expid.py --config ./config/ViTLinDCNv3_tuner_config_ML_1M --expid ViTLinDCNv3_ML_1M_046_f32d531d --gpu 2,[exp_id] ViTLinDCNv3_ML_1M_046_f32d531d,[dataset_id] ML_1M_7_x1,[train] N.A.,[val] logloss: 0.317987 - AUC: 0.852866,[test] logloss: 0.317145 - AUC: 0.852549
 20240926-124313,[command] python run_expid.py --config ./config/ViTLinDCNv3_tuner_config_ML_1M --expid ViTLinDCNv3_ML_1M_075_4dd08a20 --gpu 2,[exp_id] ViTLinDCNv3_ML_1M_075_4dd08a20,[dataset_id] ML_1M_7_x1,[train] N.A.,[val] logloss: 0.318103 - AUC: 0.853297,[test] logloss: 0.316484 - AUC: 0.853726
 20240926-183813,[command] python run_expid.py --config ./config/ViTLinDCNv3_tuner_config_ML_1M --expid ViTLinDCNv3_ML_1M_094_60ac3f41 --gpu 2,[exp_id] ViTLinDCNv3_ML_1M_094_60ac3f41,[dataset_id] ML_1M_7_x1,[train] N.A.,[val] logloss: 0.317584 - AUC: 0.854082,[test] logloss: 0.316497 - AUC: 0.853826
 20240926-184540,[command] python run_expid.py --config ./config/ViTLinDCNv3_tuner_config_ML_1M --expid ViTLinDCNv3_ML_1M_095_4fe6f3ac --gpu 2,[exp_id] ViTLinDCNv3_ML_1M_095_4fe6f3ac,[dataset_id] ML_1M_7_x1,[train] N.A.,[val] logloss: 0.317606 - AUC: 0.853979,[test] logloss: 0.316319 - AUC: 0.854018
 20240926-185409,[command] python run_expid.py --config ./config/ViTLinDCNv3_tuner_config_ML_1M --expid ViTLinDCNv3_ML_1M_096_dd76b085 --gpu 2,[exp_id] ViTLinDCNv3_ML_1M_096_dd76b085,[dataset_id] ML_1M_7_x1,[train] N.A.,[val] logloss: 0.317539 - AUC: 0.853984,[test] logloss: 0.316289 - AUC: 0.853861
 20240926-185836,[command] python run_expid.py --config ./config/ViTLinDCNv3_tuner_config_ML_1M --expid ViTLinDCNv3_ML_1M_097_02e17137 --gpu 2,[exp_id] ViTLinDCNv3_ML_1M_097_02e17137,[dataset_id] ML_1M_7_x1,[train] N.A.,[val] logloss: 0.317132 - AUC: 0.854727,[test] logloss: 0.315638 - AUC: 0.854658
 20240926-190401,[command] python run_expid.py --config ./config/ViTLinDCNv3_tuner_config_ML_1M --expid ViTLinDCNv3_ML_1M_098_12818089 --gpu 2,[exp_id] ViTLinDCNv3_ML_1M_098_12818089,[dataset_id] ML_1M_7_x1,[train] N.A.,[val] logloss: 0.317449 - AUC: 0.855507,[test] logloss: 0.315995 - AUC: 0.855470
 20240926-190814,[command] python run_expid.py --config ./config/ViTLinDCNv3_tuner_config_ML_1M --expid ViTLinDCNv3_ML_1M_099_21d0c57f --gpu 2,[exp_id] ViTLinDCNv3_ML_1M_099_21d0c57f,[dataset_id] ML_1M_7_x1,[train] N.A.,[val] logloss: 0.318580 - AUC: 0.853153,[test] logloss: 0.316819 - AUC: 0.853584
 20240926-191158,[command] python run_expid.py --config ./config/ViTLinDCNv3_tuner_config_ML_1M --expid ViTLinDCNv3_ML_1M_100_5b257532 --gpu 2,[exp_id] ViTLinDCNv3_ML_1M_100_5b257532,[dataset_id] ML_1M_7_x1,[train] N.A.,[val] logloss: 0.318402 - AUC: 0.852983,[test] logloss: 0.316584 - AUC: 0.853447
 20240926-191631,[command] python run_expid.py --config ./config/ViTLinDCNv3_tuner_config_ML_1M --expid ViTLinDCNv3_ML_1M_101_3cc3bffe --gpu 2,[exp_id] ViTLinDCNv3_ML_1M_101_3cc3bffe,[dataset_id] ML_1M_7_x1,[train] N.A.,[val] logloss: 0.318197 - AUC: 0.853631,[test] logloss: 0.316622 - AUC: 0.854036
 20240926-192049,[command] python run_expid.py --config ./config/ViTLinDCNv3_tuner_config_ML_1M --expid ViTLinDCNv3_ML_1M_102_18c454d6 --gpu 2,[exp_id] ViTLinDCNv3_ML_1M_102_18c454d6,[dataset_id] ML_1M_7_x1,[train] N.A.,[val] logloss: 0.319510 - AUC: 0.852811,[test] logloss: 0.318218 - AUC: 0.852886
 20240926-192521,[command] python run_expid.py --config ./config/ViTLinDCNv3_tuner_config_ML_1M --expid ViTLinDCNv3_ML_1M_103_9af9b0db --gpu 2,[exp_id] ViTLinDCNv3_ML_1M_103_9af9b0db,[dataset_id] ML_1M_7_x1,[train] N.A.,[val] logloss: 0.319043 - AUC: 0.852589,[test] logloss: 0.318088 - AUC: 0.852233
 20240926-193012,[command] python run_expid.py --config ./config/ViTLinDCNv3_tuner_config_ML_1M --expid ViTLinDCNv3_ML_1M_104_0d324ad7 --gpu 2,[exp_id] ViTLinDCNv3_ML_1M_104_0d324ad7,[dataset_id] ML_1M_7_x1,[train] N.A.,[val] logloss: 0.319203 - AUC: 0.852750,[test] logloss: 0.317772 - AUC: 0.852886
 20240926-193606,[command] python run_expid.py --config ./config/ViTLinDCNv3_tuner_config_ML_1M --expid ViTLinDCNv3_ML_1M_105_5e4c90db --gpu 2,[exp_id] ViTLinDCNv3_ML_1M_105_5e4c90db,[dataset_id] ML_1M_7_x1,[train] N.A.,[val] logloss: 0.318247 - AUC: 0.854085,[test] logloss: 0.316927 - AUC: 0.854043
 20240926-194041,[command] python run_expid.py --config ./config/ViTLinDCNv3_tuner_config_ML_1M --expid ViTLinDCNv3_ML_1M_106_f3f54e21 --gpu 2,[exp_id] ViTLinDCNv3_ML_1M_106_f3f54e21,[dataset_id] ML_1M_7_x1,[train] N.A.,[val] logloss: 0.317536 - AUC: 0.853574,[test] logloss: 0.316266 - AUC: 0.853578
 20240926-194619,[command] python run_expid.py --config ./config/ViTLinDCNv3_tuner_config_ML_1M --expid ViTLinDCNv3_ML_1M_107_f32d531d --gpu 2,[exp_id] ViTLinDCNv3_ML_1M_107_f32d531d,[dataset_id] ML_1M_7_x1,[train] N.A.,[val] logloss: 0.316264 - AUC: 0.855397,[test] logloss: 0.315099 - AUC: 0.855108
 20240926-195159,[command] python run_expid.py --config ./config/ViTLinDCNv3_tuner_config_ML_1M --expid ViTLinDCNv3_ML_1M_108_2444af20 --gpu 2,[exp_id] ViTLinDCNv3_ML_1M_108_2444af20,[dataset_id] ML_1M_7_x1,[train] N.A.,[val] logloss: 0.317095 - AUC: 0.854523,[test] logloss: 0.315398 - AUC: 0.854749
 20240926-195521,[command] python run_expid.py --config ./config/ViTLinDCNv3_tuner_config_ML_1M --expid ViTLinDCNv3_ML_1M_109_00eb5264 --gpu 2,[exp_id] ViTLinDCNv3_ML_1M_109_00eb5264,[dataset_id] ML_1M_7_x1,[train] N.A.,[val] logloss: 0.318321 - AUC: 0.853049,[test] logloss: 0.316812 - AUC: 0.853477
 20240926-195925,[command] python run_expid.py --config ./config/ViTLinDCNv3_tuner_config_ML_1M --expid ViTLinDCNv3_ML_1M_110_21d0c57f --gpu 2,[exp_id] ViTLinDCNv3_ML_1M_110_21d0c57f,[dataset_id] ML_1M_7_x1,[train] N.A.,[val] logloss: 0.316792 - AUC: 0.854555,[test] logloss: 0.315362 - AUC: 0.854603
 20240926-200245,[command] python run_expid.py --config ./config/ViTLinDCNv3_tuner_config_ML_1M --expid ViTLinDCNv3_ML_1M_111_78dc9d78 --gpu 2,[exp_id] ViTLinDCNv3_ML_1M_111_78dc9d78,[dataset_id] ML_1M_7_x1,[train] N.A.,[val] logloss: 0.318433 - AUC: 0.852865,[test] logloss: 0.316916 - AUC: 0.853223
 20240926-200602,[command] python run_expid.py --config ./config/ViTLinDCNv3_tuner_config_ML_1M --expid ViTLinDCNv3_ML_1M_112_ac335ed2 --gpu 2,[exp_id] ViTLinDCNv3_ML_1M_112_ac335ed2,[dataset_id] ML_1M_7_x1,[train] N.A.,[val] logloss: 0.318482 - AUC: 0.852887,[test] logloss: 0.317104 - AUC: 0.853062
 20240926-201029,[command] python run_expid.py --config ./config/ViTLinDCNv3_tuner_config_ML_1M --expid ViTLinDCNv3_ML_1M_113_6f4485a5 --gpu 2,[exp_id] ViTLinDCNv3_ML_1M_113_6f4485a5,[dataset_id] ML_1M_7_x1,[train] N.A.,[val] logloss: 0.317486 - AUC: 0.854193,[test] logloss: 0.316529 - AUC: 0.853836
 20240926-201455,[command] python run_expid.py --config ./config/ViTLinDCNv3_tuner_config_ML_1M --expid ViTLinDCNv3_ML_1M_114_9af9b0db --gpu 2,[exp_id] ViTLinDCNv3_ML_1M_114_9af9b0db,[dataset_id] ML_1M_7_x1,[train] N.A.,[val] logloss: 0.317475 - AUC: 0.854286,[test] logloss: 0.316503 - AUC: 0.853943
 20240926-201923,[command] python run_expid.py --config ./config/ViTLinDCNv3_tuner_config_ML_1M --expid ViTLinDCNv3_ML_1M_115_7ff9bdc4 --gpu 2,[exp_id] ViTLinDCNv3_ML_1M_115_7ff9bdc4,[dataset_id] ML_1M_7_x1,[train] N.A.,[val] logloss: 0.317557 - AUC: 0.854183,[test] logloss: 0.316550 - AUC: 0.853893
 20240926-202351,[command] python run_expid.py --config ./config/ViTLinDCNv3_tuner_config_ML_1M --expid ViTLinDCNv3_ML_1M_116_35b81e73 --gpu 2,[exp_id] ViTLinDCNv3_ML_1M_116_35b81e73,[dataset_id] ML_1M_7_x1,[train] N.A.,[val] logloss: 0.317537 - AUC: 0.854240,[test] logloss: 0.316511 - AUC: 0.853931
 20240926-202827,[command] python run_expid.py --config ./config/ViTLinDCNv3_tuner_config_ML_1M --expid ViTLinDCNv3_ML_1M_117_21ebda2b --gpu 2,[exp_id] ViTLinDCNv3_ML_1M_117_21ebda2b,[dataset_id] ML_1M_7_x1,[train] N.A.,[val] logloss: 0.318504 - AUC: 0.853162,[test] logloss: 0.317267 - AUC: 0.853345
 20240926-203302,[command] python run_expid.py --config ./config/ViTLinDCNv3_tuner_config_ML_1M --expid ViTLinDCNv3_ML_1M_118_f32d531d --gpu 2,[exp_id] ViTLinDCNv3_ML_1M_118_f32d531d,[dataset_id] ML_1M_7_x1,[train] N.A.,[val] logloss: 0.318483 - AUC: 0.853274,[test] logloss: 0.317261 - AUC: 0.853351
 20240926-203807,[command] python run_expid.py --config ./config/ViTLinDCNv3_tuner_config_ML_1M --expid ViTLinDCNv3_ML_1M_119_21f66fdc --gpu 2,[exp_id] ViTLinDCNv3_ML_1M_119_21f66fdc,[dataset_id] ML_1M_7_x1,[train] N.A.,[val] logloss: 0.318994 - AUC: 0.853132,[test] logloss: 0.317673 - AUC: 0.853381
 20240926-205023,[command] python run_expid.py --config ./config/ViTLinDCNv3_tuner_config_ML_1M --expid ViTLinDCNv3_ML_1M_120_08384c0b --gpu 2,[exp_id] ViTLinDCNv3_ML_1M_120_08384c0b,[dataset_id] ML_1M_7_x1,[train] N.A.,[val] logloss: 0.317863 - AUC: 0.854871,[test] logloss: 0.316759 - AUC: 0.854660
 20240926-205502,[command] python run_expid.py --config ./config/ViTLinDCNv3_tuner_config_ML_1M --expid ViTLinDCNv3_ML_1M_121_3cc3bffe --gpu 2,[exp_id] ViTLinDCNv3_ML_1M_121_3cc3bffe,[dataset_id] ML_1M_7_x1,[train] N.A.,[val] logloss: 0.331961 - AUC: 0.835458,[test] logloss: 0.330226 - AUC: 0.836245
 20240926-210710,[command] python run_expid.py --config ./config/ViTLinDCNv3_tuner_config_ML_1M --expid ViTLinDCNv3_ML_1M_122_18c454d6 --gpu 2,[exp_id] ViTLinDCNv3_ML_1M_122_18c454d6,[dataset_id] ML_1M_7_x1,[train] N.A.,[val] logloss: 0.317835 - AUC: 0.855098,[test] logloss: 0.316750 - AUC: 0.854672
 20240926-211726,[command] python run_expid.py --config ./config/ViTLinDCNv3_tuner_config_ML_1M --expid ViTLinDCNv3_ML_1M_123_9af9b0db --gpu 2,[exp_id] ViTLinDCNv3_ML_1M_123_9af9b0db,[dataset_id] ML_1M_7_x1,[train] N.A.,[val] logloss: 0.319406 - AUC: 0.852715,[test] logloss: 0.317700 - AUC: 0.852915
 20240926-212840,[command] python run_expid.py --config ./config/ViTLinDCNv3_tuner_config_ML_1M --expid ViTLinDCNv3_ML_1M_124_0d324ad7 --gpu 2,[exp_id] ViTLinDCNv3_ML_1M_124_0d324ad7,[dataset_id] ML_1M_7_x1,[train] N.A.,[val] logloss: 0.318557 - AUC: 0.853934,[test] logloss: 0.317373 - AUC: 0.853489
 20240926-214345,[command] python run_expid.py --config ./config/ViTLinDCNv3_tuner_config_ML_1M --expid ViTLinDCNv3_ML_1M_125_3fe7614e --gpu 2,[exp_id] ViTLinDCNv3_ML_1M_125_3fe7614e,[dataset_id] ML_1M_7_x1,[train] N.A.,[val] logloss: 0.318145 - AUC: 0.854303,[test] logloss: 0.317273 - AUC: 0.853613
 20240926-220116,[command] python run_expid.py --config ./config/ViTLinDCNv3_tuner_config_ML_1M --expid ViTLinDCNv3_ML_1M_126_93cf8558 --gpu 2,[exp_id] ViTLinDCNv3_ML_1M_126_93cf8558,[dataset_id] ML_1M_7_x1,[train] N.A.,[val] logloss: 0.317595 - AUC: 0.854900,[test] logloss: 0.316437 - AUC: 0.854552
 20240926-221600,[command] python run_expid.py --config ./config/ViTLinDCNv3_tuner_config_ML_1M --expid ViTLinDCNv3_ML_1M_127_7f314686 --gpu 2,[exp_id] ViTLinDCNv3_ML_1M_127_7f314686,[dataset_id] ML_1M_7_x1,[train] N.A.,[val] logloss: 0.317490 - AUC: 0.854739,[test] logloss: 0.316195 - AUC: 0.854691
 20240926-223114,[command] python run_expid.py --config ./config/ViTLinDCNv3_tuner_config_ML_1M --expid ViTLinDCNv3_ML_1M_128_0276eef9 --gpu 2,[exp_id] ViTLinDCNv3_ML_1M_128_0276eef9,[dataset_id] ML_1M_7_x1,[train] N.A.,[val] logloss: 0.318472 - AUC: 0.854045,[test] logloss: 0.317135 - AUC: 0.854075
 20240926-224625,[command] python run_expid.py --config ./config/ViTLinDCNv3_tuner_config_ML_1M --expid ViTLinDCNv3_ML_1M_129_3a01a24d --gpu 2,[exp_id] ViTLinDCNv3_ML_1M_129_3a01a24d,[dataset_id] ML_1M_7_x1,[train] N.A.,[val] logloss: 0.317548 - AUC: 0.854209,[test] logloss: 0.316052 - AUC: 0.854453
 20240926-230112,[command] python run_expid.py --config ./config/ViTLinDCNv3_tuner_config_ML_1M --expid ViTLinDCNv3_ML_1M_130_4ce88759 --gpu 2,[exp_id] ViTLinDCNv3_ML_1M_130_4ce88759,[dataset_id] ML_1M_7_x1,[train] N.A.,[val] logloss: 0.318461 - AUC: 0.853289,[test] logloss: 0.316863 - AUC: 0.853587
 20240926-231622,[command] python run_expid.py --config ./config/ViTLinDCNv3_tuner_config_ML_1M --expid ViTLinDCNv3_ML_1M_131_c52ff0b5 --gpu 2,[exp_id] ViTLinDCNv3_ML_1M_131_c52ff0b5,[dataset_id] ML_1M_7_x1,[train] N.A.,[val] logloss: 0.317985 - AUC: 0.853688,[test] logloss: 0.316716 - AUC: 0.853783
 20240926-233139,[command] python run_expid.py --config ./config/ViTLinDCNv3_tuner_config_ML_1M --expid ViTLinDCNv3_ML_1M_132_60dff0e4 --gpu 2,[exp_id] ViTLinDCNv3_ML_1M_132_60dff0e4,[dataset_id] ML_1M_7_x1,[train] N.A.,[val] logloss: 0.318826 - AUC: 0.852865,[test] logloss: 0.317612 - AUC: 0.852839
 20240926-234504,[command] python run_expid.py --config ./config/ViTLinDCNv3_tuner_config_ML_1M --expid ViTLinDCNv3_ML_1M_133_6f4485a5 --gpu 2,[exp_id] ViTLinDCNv3_ML_1M_133_6f4485a5,[dataset_id] ML_1M_7_x1,[train] N.A.,[val] logloss: 0.317496 - AUC: 0.854724,[test] logloss: 0.316156 - AUC: 0.854740
 20240926-235544,[command] python run_expid.py --config ./config/ViTLinDCNv3_tuner_config_ML_1M --expid ViTLinDCNv3_ML_1M_134_9af9b0db --gpu 2,[exp_id] ViTLinDCNv3_ML_1M_134_9af9b0db,[dataset_id] ML_1M_7_x1,[train] N.A.,[val] logloss: 0.317670 - AUC: 0.853673,[test] logloss: 0.316857 - AUC: 0.853263
 20240927-000349,[command] python run_expid.py --config ./config/ViTLinDCNv3_tuner_config_ML_1M --expid ViTLinDCNv3_ML_1M_135_7ff9bdc4 --gpu 2,[exp_id] ViTLinDCNv3_ML_1M_135_7ff9bdc4,[dataset_id] ML_1M_7_x1,[train] N.A.,[val] logloss: 0.318377 - AUC: 0.852512,[test] logloss: 0.317149 - AUC: 0.852457
 20240927-001508,[command] python run_expid.py --config ./config/ViTLinDCNv3_tuner_config_ML_1M --expid ViTLinDCNv3_ML_1M_136_35b81e73 --gpu 2,[exp_id] ViTLinDCNv3_ML_1M_136_35b81e73,[dataset_id] ML_1M_7_x1,[train] N.A.,[val] logloss: 0.318592 - AUC: 0.853415,[test] logloss: 0.317025 - AUC: 0.853779
 20240927-002642,[command] python run_expid.py --config ./config/ViTLinDCNv3_tuner_config_ML_1M --expid ViTLinDCNv3_ML_1M_137_e0e292fe --gpu 2,[exp_id] ViTLinDCNv3_ML_1M_137_e0e292fe,[dataset_id] ML_1M_7_x1,[train] N.A.,[val] logloss: 0.319104 - AUC: 0.853351,[test] logloss: 0.317694 - AUC: 0.853412
 20240927-004542,[command] python run_expid.py --config ./config/ViTLinDCNv3_tuner_config_ML_1M --expid ViTLinDCNv3_ML_1M_138_7f314686 --gpu 2,[exp_id] ViTLinDCNv3_ML_1M_138_7f314686,[dataset_id] ML_1M_7_x1,[train] N.A.,[val] logloss: 0.317706 - AUC: 0.855034,[test] logloss: 0.316349 - AUC: 0.854809
 20240927-010413,[command] python run_expid.py --config ./config/ViTLinDCNv3_tuner_config_ML_1M --expid ViTLinDCNv3_ML_1M_139_bbf4e272 --gpu 2,[exp_id] ViTLinDCNv3_ML_1M_139_bbf4e272,[dataset_id] ML_1M_7_x1,[train] N.A.,[val] logloss: 0.317717 - AUC: 0.855063,[test] logloss: 0.316469 - AUC: 0.854761
 20240927-012230,[command] python run_expid.py --config ./config/ViTLinDCNv3_tuner_config_ML_1M --expid ViTLinDCNv3_ML_1M_140_1fd15711 --gpu 2,[exp_id] ViTLinDCNv3_ML_1M_140_1fd15711,[dataset_id] ML_1M_7_x1,[train] N.A.,[val] logloss: 0.317291 - AUC: 0.855298,[test] logloss: 0.315949 - AUC: 0.855195
 20240927-013746,[command] python run_expid.py --config ./config/ViTLinDCNv3_tuner_config_ML_1M --expid ViTLinDCNv3_ML_1M_141_fb15a6a2 --gpu 2,[exp_id] ViTLinDCNv3_ML_1M_141_fb15a6a2,[dataset_id] ML_1M_7_x1,[train] N.A.,[val] logloss: 0.318381 - AUC: 0.854099,[test] logloss: 0.317199 - AUC: 0.853877
 20240927-015201,[command] python run_expid.py --config ./config/ViTLinDCNv3_tuner_config_ML_1M --expid ViTLinDCNv3_ML_1M_142_c52ff0b5 --gpu 2,[exp_id] ViTLinDCNv3_ML_1M_142_c52ff0b5,[dataset_id] ML_1M_7_x1,[train] N.A.,[val] logloss: 0.318142 - AUC: 0.854415,[test] logloss: 0.317020 - AUC: 0.854118
 20240927-020542,[command] python run_expid.py --config ./config/ViTLinDCNv3_tuner_config_ML_1M --expid ViTLinDCNv3_ML_1M_143_944d722c --gpu 2,[exp_id] ViTLinDCNv3_ML_1M_143_944d722c,[dataset_id] ML_1M_7_x1,[train] N.A.,[val] logloss: 0.318724 - AUC: 0.853167,[test] logloss: 0.317383 - AUC: 0.853244
 20240927-022019,[command] python run_expid.py --config ./config/ViTLinDCNv3_tuner_config_ML_1M --expid ViTLinDCNv3_ML_1M_144_ddd80fa4 --gpu 2,[exp_id] ViTLinDCNv3_ML_1M_144_ddd80fa4,[dataset_id] ML_1M_7_x1,[train] N.A.,[val] logloss: 0.317058 - AUC: 0.854305,[test] logloss: 0.316076 - AUC: 0.854070
 20240927-023600,[command] python run_expid.py --config ./config/ViTLinDCNv3_tuner_config_ML_1M --expid ViTLinDCNv3_ML_1M_145_5e4c90db --gpu 2,[exp_id] ViTLinDCNv3_ML_1M_145_5e4c90db,[dataset_id] ML_1M_7_x1,[train] N.A.,[val] logloss: 0.318340 - AUC: 0.854695,[test] logloss: 0.316911 - AUC: 0.854960
 20240927-024322,[command] python run_expid.py --config ./config/ViTLinDCNv3_tuner_config_ML_1M --expid ViTLinDCNv3_ML_1M_146_f3f54e21 --gpu 2,[exp_id] ViTLinDCNv3_ML_1M_146_f3f54e21,[dataset_id] ML_1M_7_x1,[train] N.A.,[val] logloss: 0.328864 - AUC: 0.839228,[test] logloss: 0.328525 - AUC: 0.838175
 20240927-025716,[command] python run_expid.py --config ./config/ViTLinDCNv3_tuner_config_ML_1M --expid ViTLinDCNv3_ML_1M_147_f32d531d --gpu 2,[exp_id] ViTLinDCNv3_ML_1M_147_f32d531d,[dataset_id] ML_1M_7_x1,[train] N.A.,[val] logloss: 0.318948 - AUC: 0.853496,[test] logloss: 0.317733 - AUC: 0.853508
 20240927-031122,[command] python run_expid.py --config ./config/ViTLinDCNv3_tuner_config_ML_1M --expid ViTLinDCNv3_ML_1M_148_2444af20 --gpu 2,[exp_id] ViTLinDCNv3_ML_1M_148_2444af20,[dataset_id] ML_1M_7_x1,[train] N.A.,[val] logloss: 0.318906 - AUC: 0.853345,[test] logloss: 0.317459 - AUC: 0.853525
 20240927-032841,[command] python run_expid.py --config ./config/ViTLinDCNv3_tuner_config_ML_1M --expid ViTLinDCNv3_ML_1M_149_3a01a24d --gpu 2,[exp_id] ViTLinDCNv3_ML_1M_149_3a01a24d,[dataset_id] ML_1M_7_x1,[train] N.A.,[val] logloss: 0.317681 - AUC: 0.854261,[test] logloss: 0.316134 - AUC: 0.854632
 20240927-035209,[command] python run_expid.py --config ./config/ViTLinDCNv3_tuner_config_ML_1M --expid ViTLinDCNv3_ML_1M_150_4ce88759 --gpu 2,[exp_id] ViTLinDCNv3_ML_1M_150_4ce88759,[dataset_id] ML_1M_7_x1,[train] N.A.,[val] logloss: 0.317786 - AUC: 0.855135,[test] logloss: 0.316976 - AUC: 0.854373
 20240927-040802,[command] python run_expid.py --config ./config/ViTLinDCNv3_tuner_config_ML_1M --expid ViTLinDCNv3_ML_1M_151_c52ff0b5 --gpu 2,[exp_id] ViTLinDCNv3_ML_1M_151_c52ff0b5,[dataset_id] ML_1M_7_x1,[train] N.A.,[val] logloss: 0.318144 - AUC: 0.853660,[test] logloss: 0.316847 - AUC: 0.853700
 20240927-042546,[command] python run_expid.py --config ./config/ViTLinDCNv3_tuner_config_ML_1M --expid ViTLinDCNv3_ML_1M_152_60dff0e4 --gpu 2,[exp_id] ViTLinDCNv3_ML_1M_152_60dff0e4,[dataset_id] ML_1M_7_x1,[train] N.A.,[val] logloss: 0.317682 - AUC: 0.854483,[test] logloss: 0.316481 - AUC: 0.854549
 20240927-044638,[command] python run_expid.py --config ./config/ViTLinDCNv3_tuner_config_ML_1M --expid ViTLinDCNv3_ML_1M_153_bd186930 --gpu 2,[exp_id] ViTLinDCNv3_ML_1M_153_bd186930,[dataset_id] ML_1M_7_x1,[train] N.A.,[val] logloss: 0.317378 - AUC: 0.854346,[test] logloss: 0.315624 - AUC: 0.854852
 20240927-050556,[command] python run_expid.py --config ./config/ViTLinDCNv3_tuner_config_ML_1M --expid ViTLinDCNv3_ML_1M_154_237a35d8 --gpu 2,[exp_id] ViTLinDCNv3_ML_1M_154_237a35d8,[dataset_id] ML_1M_7_x1,[train] N.A.,[val] logloss: 0.317971 - AUC: 0.854164,[test] logloss: 0.316043 - AUC: 0.854783
 20240927-052649,[command] python run_expid.py --config ./config/ViTLinDCNv3_tuner_config_ML_1M --expid ViTLinDCNv3_ML_1M_155_a1a4a861 --gpu 2,[exp_id] ViTLinDCNv3_ML_1M_155_a1a4a861,[dataset_id] ML_1M_7_x1,[train] N.A.,[val] logloss: 0.317192 - AUC: 0.854604,[test] logloss: 0.316133 - AUC: 0.854451
 20240927-055003,[command] python run_expid.py --config ./config/ViTLinDCNv3_tuner_config_ML_1M --expid ViTLinDCNv3_ML_1M_156_94224f10 --gpu 2,[exp_id] ViTLinDCNv3_ML_1M_156_94224f10,[dataset_id] ML_1M_7_x1,[train] N.A.,[val] logloss: 0.318776 - AUC: 0.854051,[test] logloss: 0.317417 - AUC: 0.854115
 20240927-060409,[command] python run_expid.py --config ./config/ViTLinDCNv3_tuner_config_ML_1M --expid ViTLinDCNv3_ML_1M_157_21ebda2b --gpu 2,[exp_id] ViTLinDCNv3_ML_1M_157_21ebda2b,[dataset_id] ML_1M_7_x1,[train] N.A.,[val] logloss: 0.319039 - AUC: 0.853770,[test] logloss: 0.317329 - AUC: 0.854072
 20240927-061741,[command] python run_expid.py --config ./config/ViTLinDCNv3_tuner_config_ML_1M --expid ViTLinDCNv3_ML_1M_158_f32d531d --gpu 2,[exp_id] ViTLinDCNv3_ML_1M_158_f32d531d,[dataset_id] ML_1M_7_x1,[train] N.A.,[val] logloss: 0.318385 - AUC: 0.853549,[test] logloss: 0.316926 - AUC: 0.853675
 20240927-063044,[command] python run_expid.py --config ./config/ViTLinDCNv3_tuner_config_ML_1M --expid ViTLinDCNv3_ML_1M_159_21f66fdc --gpu 2,[exp_id] ViTLinDCNv3_ML_1M_159_21f66fdc,[dataset_id] ML_1M_7_x1,[train] N.A.,[val] logloss: 0.318334 - AUC: 0.853677,[test] logloss: 0.316967 - AUC: 0.853712
 20240927-064256,[command] python run_expid.py --config ./config/ViTLinDCNv3_tuner_config_ML_1M --expid ViTLinDCNv3_ML_1M_160_08384c0b --gpu 2,[exp_id] ViTLinDCNv3_ML_1M_160_08384c0b,[dataset_id] ML_1M_7_x1,[train] N.A.,[val] logloss: 0.318313 - AUC: 0.853950,[test] logloss: 0.316794 - AUC: 0.853999
 20240927-070629,[command] python run_expid.py --config ./config/ViTLinDCNv3_tuner_config_ML_1M --expid ViTLinDCNv3_ML_1M_161_fb15a6a2 --gpu 2,[exp_id] ViTLinDCNv3_ML_1M_161_fb15a6a2,[dataset_id] ML_1M_7_x1,[train] N.A.,[val] logloss: 0.318198 - AUC: 0.855197,[test] logloss: 0.317345 - AUC: 0.854503
 20240927-072301,[command] python run_expid.py --config ./config/ViTLinDCNv3_tuner_config_ML_1M --expid ViTLinDCNv3_ML_1M_162_c52ff0b5 --gpu 2,[exp_id] ViTLinDCNv3_ML_1M_162_c52ff0b5,[dataset_id] ML_1M_7_x1,[train] N.A.,[val] logloss: 0.317731 - AUC: 0.854037,[test] logloss: 0.316335 - AUC: 0.854286
 20240927-074439,[command] python run_expid.py --config ./config/ViTLinDCNv3_tuner_config_ML_1M --expid ViTLinDCNv3_ML_1M_163_944d722c --gpu 2,[exp_id] ViTLinDCNv3_ML_1M_163_944d722c,[dataset_id] ML_1M_7_x1,[train] N.A.,[val] logloss: 0.317387 - AUC: 0.855579,[test] logloss: 0.316849 - AUC: 0.854742
 20240927-080829,[command] python run_expid.py --config ./config/ViTLinDCNv3_tuner_config_ML_1M --expid ViTLinDCNv3_ML_1M_164_ddd80fa4 --gpu 2,[exp_id] ViTLinDCNv3_ML_1M_164_ddd80fa4,[dataset_id] ML_1M_7_x1,[train] N.A.,[val] logloss: 0.317956 - AUC: 0.855359,[test] logloss: 0.316995 - AUC: 0.854870
 20240927-082306,[command] python run_expid.py --config ./config/ViTLinDCNv3_tuner_config_ML_1M --expid ViTLinDCNv3_ML_1M_165_1b05a93a --gpu 2,[exp_id] ViTLinDCNv3_ML_1M_165_1b05a93a,[dataset_id] ML_1M_7_x1,[train] N.A.,[val] logloss: 0.319454 - AUC: 0.851698,[test] logloss: 0.317895 - AUC: 0.852314
 20240927-084123,[command] python run_expid.py --config ./config/ViTLinDCNv3_tuner_config_ML_1M --expid ViTLinDCNv3_ML_1M_166_a1a4a861 --gpu 2,[exp_id] ViTLinDCNv3_ML_1M_166_a1a4a861,[dataset_id] ML_1M_7_x1,[train] N.A.,[val] logloss: 0.319324 - AUC: 0.852244,[test] logloss: 0.318081 - AUC: 0.852445
 20240927-085710,[command] python run_expid.py --config ./config/ViTLinDCNv3_tuner_config_ML_1M --expid ViTLinDCNv3_ML_1M_167_0a68871a --gpu 2,[exp_id] ViTLinDCNv3_ML_1M_167_0a68871a,[dataset_id] ML_1M_7_x1,[train] N.A.,[val] logloss: 0.319716 - AUC: 0.851547,[test] logloss: 0.318070 - AUC: 0.852237
 20240927-091358,[command] python run_expid.py --config ./config/ViTLinDCNv3_tuner_config_ML_1M --expid ViTLinDCNv3_ML_1M_168_cfc531b2 --gpu 2,[exp_id] ViTLinDCNv3_ML_1M_168_cfc531b2,[dataset_id] ML_1M_7_x1,[train] N.A.,[val] logloss: 0.320010 - AUC: 0.851679,[test] logloss: 0.318605 - AUC: 0.852122
 20240927-092830,[command] python run_expid.py --config ./config/ViTLinDCNv3_tuner_config_ML_1M --expid ViTLinDCNv3_ML_1M_169_18c454d6 --gpu 2,[exp_id] ViTLinDCNv3_ML_1M_169_18c454d6,[dataset_id] ML_1M_7_x1,[train] N.A.,[val] logloss: 0.318515 - AUC: 0.853261,[test] logloss: 0.317573 - AUC: 0.852968
 20240927-094306,[command] python run_expid.py --config ./config/ViTLinDCNv3_tuner_config_ML_1M --expid ViTLinDCNv3_ML_1M_170_5d3c41e3 --gpu 2,[exp_id] ViTLinDCNv3_ML_1M_170_5d3c41e3,[dataset_id] ML_1M_7_x1,[train] N.A.,[val] logloss: 0.318762 - AUC: 0.852968,[test] logloss: 0.317363 - AUC: 0.853194
 20240927-095018,[command] python run_expid.py --config ./config/ViTLinDCNv3_tuner_config_ML_1M --expid ViTLinDCNv3_ML_1M_171_6f4c41ff --gpu 2,[exp_id] ViTLinDCNv3_ML_1M_171_6f4c41ff,[dataset_id] ML_1M_7_x1,[train] N.A.,[val] logloss: 0.318667 - AUC: 0.853170,[test] logloss: 0.317086 - AUC: 0.853453
 20240927-100044,[command] python run_expid.py --config ./config/ViTLinDCNv3_tuner_config_ML_1M --expid ViTLinDCNv3_ML_1M_172_ac792774 --gpu 2,[exp_id] ViTLinDCNv3_ML_1M_172_ac792774,[dataset_id] ML_1M_7_x1,[train] N.A.,[val] logloss: 0.318710 - AUC: 0.853109,[test] logloss: 0.317845 - AUC: 0.852755
 20240927-101746,[command] python run_expid.py --config ./config/ViTLinDCNv3_tuner_config_ML_1M --expid ViTLinDCNv3_ML_1M_173_93cf8558 --gpu 2,[exp_id] ViTLinDCNv3_ML_1M_173_93cf8558,[dataset_id] ML_1M_7_x1,[train] N.A.,[val] logloss: 0.318959 - AUC: 0.853416,[test] logloss: 0.317657 - AUC: 0.853519
 20240927-103502,[command] python run_expid.py --config ./config/ViTLinDCNv3_tuner_config_ML_1M --expid ViTLinDCNv3_ML_1M_174_bb75b7fa --gpu 2,[exp_id] ViTLinDCNv3_ML_1M_174_bb75b7fa,[dataset_id] ML_1M_7_x1,[train] N.A.,[val] logloss: 0.318628 - AUC: 0.853892,[test] logloss: 0.317239 - AUC: 0.853772
 20240927-104943,[command] python run_expid.py --config ./config/ViTLinDCNv3_tuner_config_ML_1M --expid ViTLinDCNv3_ML_1M_175_321b54d7 --gpu 2,[exp_id] ViTLinDCNv3_ML_1M_175_321b54d7,[dataset_id] ML_1M_7_x1,[train] N.A.,[val] logloss: 0.318137 - AUC: 0.853271,[test] logloss: 0.317189 - AUC: 0.853161
 20240927-110506,[command] python run_expid.py --config ./config/ViTLinDCNv3_tuner_config_ML_1M --expid ViTLinDCNv3_ML_1M_176_93a55cbb --gpu 2,[exp_id] ViTLinDCNv3_ML_1M_176_93a55cbb,[dataset_id] ML_1M_7_x1,[train] N.A.,[val] logloss: 0.318886 - AUC: 0.853049,[test] logloss: 0.317343 - AUC: 0.853374
 20240927-113020,[command] python run_expid.py --config ./config/ViTLinDCNv3_tuner_config_ML_1M --expid ViTLinDCNv3_ML_1M_177_4ce88759 --gpu 2,[exp_id] ViTLinDCNv3_ML_1M_177_4ce88759,[dataset_id] ML_1M_7_x1,[train] N.A.,[val] logloss: 0.320203 - AUC: 0.853332,[test] logloss: 0.318894 - AUC: 0.853467
